"scenario","evidence_class","n_test","median_nrmse","predictive_sd_nrmse","z_rmse","z_abs_q95","coverage90_difference","quantile_nrmse","mean_log_score_difference","referent_coverage90","pcntoolkit_coverage90"
"null_linear","matched_estimator",501,0.000187299309966979,0.00142019983637594,0.00156198845381455,0.00289576783050172,0.00199600798403188,0.00160776714897841,-0.000138115535579087,0.896207584830339,0.898203592814371
"linear_gaussian","matched_estimator",501,0.000993540303392054,0.0019739175118198,0.0055031346971287,0.0107792530841655,0.00199600798403199,0.00243163670734548,-0.000429820245359462,0.87624750499002,0.878243512974052
"multiple_encoded","matched_estimator",501,0.00119931266465862,0.00339392769734878,0.00839151907768789,0.0167397175894268,0,0.00400003198143558,-0.00141291893382371,0.878243512974052,0.878243512974052
"log_linear","matched_estimator",501,0.00171228731583741,0.00531133908082385,0.00952167217288595,0.0180881147550966,0.00199600798403188,0.00628396768705294,-0.000571229210590764,0.884231536926148,0.88622754491018
"covariate_shift","matched_estimator",501,0.00532022368273882,0.0109607303942879,0.0137937719477833,0.0280540586549693,0.00598802395209574,0.013423180717565,0.00143529381937624,0.892215568862275,0.898203592814371
"nonlinear_heteroskedastic","same_estimand",501,0.0199377544129308,0.0533935035292148,0.0575310233530505,0.116629685767348,0.00199600798403188,0.0635162794203262,0.00573175709768478,0.918163672654691,0.916167664670659
"balanced_site","same_estimand",501,0.00304665710906854,0.0260542620256205,0.0393704640288216,0.0778825015223528,0.00399201596806387,0.029680653280768,0.0082568936932065,0.898203592814371,0.902195608782435
"skew_heavy","same_estimand",501,0.279810728273047,0.111851016033054,0.503503170004784,0.940919089715272,0.0339321357285429,0.388528043282152,0.36027824873934,0.890219560878243,0.924151696606786
"unequal_site","same_estimand",501,0.00935232712304124,0.0286477969816694,0.0357631567331639,0.056375413364263,0.00798403193612773,0.0341160597362302,-0.0016468196252596,0.892215568862275,0.900199600798403
