stage,parameter,mean,sd,hdi_3%,hdi_97%,mcse_mean,mcse_sd,ess_bulk,ess_tail,r_hat
base,slope_mu[mu_covariates_0],0.68999999999999995,0.80100000000000005,-0.89200000000000002,2.1349999999999998,0.019,0.012999999999999999,1773,2253,1
base,slope_mu[mu_covariates_1],-0.64700000000000002,1.736,-3.96,2.5529999999999999,0.040000000000000001,0.028000000000000001,1880,2549,1
base,slope_mu[mu_covariates_2],0.30299999999999999,1.506,-2.4260000000000002,3.2429999999999999,0.034000000000000002,0.024,1920,2506,1
base,slope_mu[mu_covariates_3],0.16400000000000001,1.1080000000000001,-1.9590000000000001,2.1840000000000002,0.025999999999999999,0.017999999999999999,1868,2563,1
base,slope_mu[mu_covariates_4],0.11899999999999999,0.78900000000000003,-1.4099999999999999,1.534,0.017000000000000001,0.010999999999999999,2078,2843,1
base,slope_mu[mu_covariates_5],-0.44,1.0589999999999999,-2.3839999999999999,1.573,0.023,0.014999999999999999,2079,3147,1
base,slope_mu[mu_covariates_6],0.29399999999999998,1.462,-2.2879999999999998,3.069,0.033000000000000002,0.023,1925,2283,1
base,slope_mu[mu_covariates_7],-0.109,1.657,-3.3500000000000001,2.8570000000000002,0.036999999999999998,0.024,2028,2344,1
base,mu_intercept_mu,-0.029999999999999999,0.73499999999999999,-1.3859999999999999,1.3720000000000001,0.017000000000000001,0.010999999999999999,1881,2429,1
base,site_sigma_intercept_mu_log__,-0.55600000000000005,0.50700000000000001,-1.4239999999999999,0.44800000000000001,0.01,0.0089999999999999993,2335,2856,1
base,normalized_site_offset_intercept_mu_zerosum__[0],-1.2170000000000001,0.55400000000000005,-2.2349999999999999,-0.26400000000000001,0.010999999999999999,0.0089999999999999993,2517,3068,1
base,normalized_site_offset_intercept_mu_zerosum__[1],-0.65200000000000002,0.33900000000000002,-1.3140000000000001,-0.129,0.0070000000000000001,0.0070000000000000001,2873,2920,1
base,normalized_site_offset_intercept_mu_zerosum__[2],-0.012,0.188,-0.39100000000000001,0.34200000000000003,0.002,0.0040000000000000001,6596,3818,1
base,slope_sigma[sigma_covariates_0],0.20699999999999999,0.57899999999999996,-0.83899999999999997,1.2949999999999999,0.0089999999999999993,0.0070000000000000001,4530,4054,1
base,slope_sigma[sigma_covariates_1],-1.038,1.544,-3.734,2.0790000000000002,0.02,0.016,6218,5033,1
base,slope_sigma[sigma_covariates_2],-0.70699999999999996,1.4550000000000001,-3.4249999999999998,2.0649999999999999,0.021000000000000001,0.017999999999999999,4783,4614,1
base,slope_sigma[sigma_covariates_3],-0.95199999999999996,1.0649999999999999,-2.9390000000000001,1.0149999999999999,0.014999999999999999,0.012999999999999999,5078,4464,1
base,slope_sigma[sigma_covariates_4],-0.77000000000000002,0.86599999999999999,-2.3570000000000002,0.85099999999999998,0.012,0.0089999999999999993,5159,4805,1
base,slope_sigma[sigma_covariates_5],0.69599999999999995,1.0549999999999999,-1.1140000000000001,2.8119999999999998,0.014,0.012,5446,4819,1
base,slope_sigma[sigma_covariates_6],-1.8,1.407,-4.4029999999999996,0.84899999999999998,0.02,0.017000000000000001,5174,4684,1
base,slope_sigma[sigma_covariates_7],-0.92000000000000004,1.49,-3.694,1.8500000000000001,0.019,0.016,6242,4544,1
base,intercept_sigma,-1.363,0.61099999999999999,-2.4630000000000001,-0.19500000000000001,0.01,0.0080000000000000002,4091,4042,1
base,site_sigma_intercept_mu,0.66200000000000003,0.44,0.17799999999999999,1.3480000000000001,0.0089999999999999993,0.034000000000000002,2335,2856,1
base,normalized_site_offset_intercept_mu[site-1],-0.90400000000000003,0.41899999999999998,-1.673,-0.193,0.0080000000000000002,0.0070000000000000001,2607,3194,1
base,normalized_site_offset_intercept_mu[site-2],-0.33800000000000002,0.219,-0.76800000000000002,-0.01,0.0040000000000000001,0.0050000000000000001,3941,3203,1
base,normalized_site_offset_intercept_mu[site-3],0.30199999999999999,0.20599999999999999,-0.019,0.70499999999999996,0.0030000000000000001,0.0040000000000000001,4747,3600,1
base,normalized_site_offset_intercept_mu[site-4],0.93999999999999995,0.438,0.218,1.7809999999999999,0.0089999999999999993,0.0080000000000000002,2488,2747,1
base,site_offset_intercept_mu[0],-0.46800000000000003,0.076999999999999999,-0.61199999999999999,-0.32500000000000001,0.001,0.001,6433,5043,1
base,site_offset_intercept_mu[1],-0.17599999999999999,0.076999999999999999,-0.317,-0.025999999999999999,0.001,0.001,6567,5030,1
base,site_offset_intercept_mu[2],0.157,0.076999999999999999,0.014999999999999999,0.30299999999999999,0.001,0.001,6878,4710,1
base,site_offset_intercept_mu[3],0.48699999999999999,0.078,0.33600000000000002,0.63,0.001,0.001,6210,4551,1
transfer,slope_mu[mu_covariates_0],0.78800000000000003,0.40999999999999998,0.055,1.607,0.0089999999999999993,0.0070000000000000001,2137,2665,1
transfer,slope_mu[mu_covariates_1],-1.0740000000000001,1.236,-3.419,1.216,0.021000000000000001,0.016,3609,3761,1
transfer,slope_mu[mu_covariates_2],1.0089999999999999,1.121,-1.135,3.0539999999999998,0.023,0.017000000000000001,2290,2754,1
transfer,slope_mu[mu_covariates_3],0.59999999999999998,0.83199999999999996,-0.93100000000000005,2.1970000000000001,0.014,0.010999999999999999,3482,4075,1
transfer,slope_mu[mu_covariates_4],0.051999999999999998,0.66100000000000003,-1.1619999999999999,1.298,0.01,0.0080000000000000002,4559,4149,1
transfer,slope_mu[mu_covariates_5],0.14199999999999999,0.85499999999999998,-1.4339999999999999,1.7110000000000001,0.014,0.010999999999999999,3532,3833,1
transfer,slope_mu[mu_covariates_6],0.45600000000000002,1.121,-1.571,2.5990000000000002,0.02,0.016,3262,3475,1
transfer,slope_mu[mu_covariates_7],0.067000000000000004,1.304,-2.4969999999999999,2.411,0.019,0.014999999999999999,4943,4553,1
transfer,mu_intercept_mu,0.56100000000000005,0.42599999999999999,-0.23000000000000001,1.365,0.0089999999999999993,0.0060000000000000001,2224,3038,1
transfer,site_sigma_intercept_mu_log__,-0.54200000000000004,0.55000000000000004,-1.665,0.38,0.0060000000000000001,0.0080000000000000002,8421,4141,1
transfer,slope_sigma[sigma_covariates_0],0.23799999999999999,0.42299999999999999,-0.57499999999999996,1.0129999999999999,0.0070000000000000001,0.0050000000000000001,3965,4351,1
transfer,slope_sigma[sigma_covariates_1],-1.6180000000000001,1.5649999999999999,-4.5880000000000001,1.383,0.016,0.023,9098,4275,1
transfer,slope_sigma[sigma_covariates_2],-1.516,1.256,-3.899,0.79200000000000004,0.016,0.016,6232,4399,1
transfer,slope_sigma[sigma_covariates_3],0.436,0.89400000000000002,-1.177,2.2069999999999999,0.012,0.010999999999999999,5792,4810,1
transfer,slope_sigma[sigma_covariates_4],-0.187,0.75600000000000001,-1.5940000000000001,1.23,0.0089999999999999993,0.0089999999999999993,7078,4773,1
transfer,slope_sigma[sigma_covariates_5],0.021999999999999999,0.97799999999999998,-1.7849999999999999,1.843,0.010999999999999999,0.012999999999999999,7478,4415,1
transfer,slope_sigma[sigma_covariates_6],-1.4159999999999999,1.179,-3.5609999999999999,0.86099999999999999,0.016,0.014,5695,4430,1
transfer,slope_sigma[sigma_covariates_7],-0.35499999999999998,1.4019999999999999,-2.9630000000000001,2.2989999999999999,0.017000000000000001,0.017000000000000001,7052,4602,1
transfer,intercept_sigma,-0.92800000000000005,0.42799999999999999,-1.714,-0.114,0.0060000000000000001,0.0050000000000000001,4675,4188,1
transfer,site_sigma_intercept_mu,0.66800000000000004,0.34300000000000003,0.11799999999999999,1.292,0.0040000000000000001,0.0050000000000000001,8421,4141,1
transfer,normalized_site_offset_intercept_mu[site-5],0,0,-0,-0,0,,6000,6000,
transfer,site_offset_intercept_mu[0],0,0,-0,-0,0,,6000,6000,
