lane,row_id,site,observed,reported_mean_draw_z,reported_mean_draw_log_density,reported_mean_draw_q05,reported_mean_draw_q50,reported_mean_draw_q95,mixture_centile,mixture_z,mixture_log_density,mixture_q05,mixture_q50,mixture_q95
observed_site,site-1-observed_site_test-0050,site-1,-0.66692204023347967,-1.0291704219052764,-1.5867243422246358,-1.3763036860668001,0.48013518665577681,2.3365740593783597,0.15713506122454859,-1.0063024081068119,-1.5692990252551773,-1.4143202454747288,0.48121712066407463,2.3707612588851932
observed_site,site-1-observed_site_test-0051,site-1,0.067246706189839106,0.10556331359536256,-0.99199580586484148,-1.7826024315694458,-0.042827769807712524,1.6969468919540138,0.54136857179768416,0.10388217052646809,-0.98687191765421267,-1.8155349426486058,-0.043322637344548331,1.7316020213079404
observed_site,site-1-observed_site_test-0052,site-1,0.5200546887325237,-0.16903287486625662,-0.97937161064830369,-1.0105491418417649,0.69278088033171947,2.3961109025052019,0.43401742562764728,-0.16615515331314312,-0.97341060062092466,-1.0457674246180977,0.69304209529434213,2.430302364387094
observed_site,site-1-observed_site_test-0053,site-1,-1.5906073005654895,-0.45032565298555011,-0.71478587682408257,-2.4568158832804747,-1.2712828580483664,-0.085749832816257032,0.33115839407736725,-0.43671673904963426,-0.70161614294634567,-2.4980308409077931,-1.2721185558454084,-0.04167470825811459
observed_site,site-1-observed_site_test-0054,site-1,-0.41059090292582623,-0.31398702133008943,-0.95882953646800573,-1.7129083089078612,-0.10624856635232482,1.500411176203218,0.37910362385273721,-0.30783584115620349,-0.95156593528856503,-1.7482364026251109,-0.10746995552398964,1.5399379256619734
observed_site,site-1-observed_site_test-0055,site-1,0.064845369858456597,0.16856681016099015,-0.93346520108933673,-1.7211582300093764,-0.098415008946869054,1.5243282121156319,0.56566382427023065,0.16534511420345235,-0.92755655530256553,-1.7559703220381651,-0.099585119366228936,1.5631649753718573
observed_site,site-1-observed_site_test-0056,site-1,-0.20288975933550302,-0.66818676555409484,-1.2581656585064931,-1.2946319382515306,0.52862907222888667,2.351890082709307,0.25592840868552064,-0.65594918923176226,-1.2493694617336624,-1.3309532085610105,0.52942845519354276,2.3853494202884273
observed_site,site-1-observed_site_test-0057,site-1,1.1958071659092333,0.79124795993987151,-1.4209290381265858,-1.6983393735421304,0.26256323287917349,2.2234658393004829,0.78112351545350622,0.77599325387015095,-1.4083729007543873,-1.7442001173847785,0.26475827402049246,2.2616997416004381
observed_site,site-1-observed_site_test-0058,site-1,0.68550430894889403,-0.92714541992949373,-1.1483564540905422,0.099730586992062553,1.3953538724296428,2.6909771578672279,0.18951606483097627,-0.87968102834686501,-1.1074518102749324,0.033853167620903957,1.3918803174650245,2.768594099340842
observed_site,site-1-observed_site_test-0059,site-1,0.77915339052858645,0.61896419534821379,-1.2703393229761553,-1.8392240197014371,0.067962258473650006,1.9751485366487467,0.72855054265388719,0.60843513483002254,-1.2614849836935649,-1.8787462796022489,0.069281859222430575,2.0101442418353268
observed_site,site-1-observed_site_test-0060,site-1,-0.018326785206136509,-0.26049321769965716,-1.1373729888176971,-1.6702750821619419,0.28507528510985614,2.240425652381647,0.39906954388987209,-0.25575621139091442,-1.1307968059563727,-1.715741002819402,0.28721049256174774,2.2784646501404149
observed_site,site-1-observed_site_test-0061,site-1,-0.23226185471047039,-0.19569762934376453,-1.0277913960238034,-1.8019978390153799,-0.022515806013209905,1.756966226988953,0.4236442422624363,-0.19257926570128675,-1.0224849159277161,-1.8353625005107634,-0.022666014891429498,1.7908738643814761
observed_site,site-1-observed_site_test-0062,site-1,-1.046489098189854,-0.92222786412978641,-1.1847912240022722,-1.6581062211397377,-0.28468528431957518,1.0887356525005889,0.18453506514424747,-0.89821651527178481,-1.1644792499538184,-1.6930351094093883,-0.28577486345745129,1.1273801086326798
observed_site,site-1-observed_site_test-0063,site-1,-0.65756633150620047,-0.099036848292035184,-0.65762805064307139,-1.822525743831013,-0.58194451927214597,0.65863670528671392,0.4614294204880422,-0.096833221472047815,-0.65017027793497006,-1.8528346654441803,-0.58389142826710527,0.69564881163933845
observed_site,site-1-observed_site_test-0064,site-1,0.99711093410040175,0.38509523114157823,-1.0849613073230668,-1.2006542876981221,0.58341719874167064,2.3674886851814589,0.64766160108486126,0.37901490196627557,-1.0783346396330049,-1.2357207012616458,0.58394898573199283,2.400607978647276
observed_site,site-1-observed_site_test-0065,site-1,-0.47617101414858354,0.2669915103577864,-0.67698751848693584,-1.8923851647159706,-0.66958435807107275,0.55321644857381802,0.60265104054972285,0.26021502007419334,-0.66924459938385517,-1.9244874808914765,-0.67180346803500357,0.59294906318206053
observed_site,site-1-observed_site_test-0066,site-1,-2.1634480470523467,-2.1422514390068654,-2.9762764802699744,-1.8063174764807171,-0.56040411229243947,0.68550925189583223,0.020206339799965028,-2.0495058171787113,-2.8210211513867773,-1.8361084036555213,-0.56226411671608822,0.72170518068952472
observed_site,site-1-observed_site_test-0067,site-1,-0.35722947735900784,-0.30273372495386347,-1.0378610335878973,-1.7874158134047939,-0.03807904651669658,1.7112577203713975,0.38293503474011048,-0.29778132410551955,-1.0320122060115267,-1.8203949162692541,-0.038496043519066769,1.7456931791688068
observed_site,site-1-observed_site_test-0068,site-1,-2.3829911668388952,-2.0574313745133255,-2.7510790474269706,-2.0965526331735691,-0.89869473956462276,0.29916315404431348,0.02361609842451207,-1.9842121302274358,-2.6315765967045981,-2.1226004773490046,-0.90057131158966852,0.33167416975778646
observed_site,site-1-observed_site_test-0069,site-1,0.43632779394299825,0.0091628138200763407,-1.0689520980935814,-1.4672925505962617,0.42440555333579966,2.3161036572678588,0.50362521091412193,0.0090871812424431469,-1.0628622513818209,-1.5076694337599523,0.42583426882304476,2.3514632204988608
observed_site,site-1-observed_site_test-0070,site-1,-0.063115002841290013,0.3764014268144073,-0.78884557547853118,-1.6842136517054751,-0.36126478622542968,0.96168407925461463,0.64360466582047415,0.36811073275141853,-0.78169136062399835,-1.7151265901621047,-0.36239742407853481,0.99646471343446419
observed_site,site-1-observed_site_test-0071,site-1,-2.1538058790912618,-1.6077190767376608,-1.9195134566473671,-2.1926880444814034,-0.99779573299366109,0.19709657849407347,0.059780922208275099,-1.5566153194549912,-1.8557257004226251,-2.2209920481632537,-0.9992466334052772,0.2303916362875541
observed_site,site-1-observed_site_test-0072,site-1,-2.6962399085400408,-0.93068490720653341,-1.1139121579421898,-3.2512090731928707,-2.114144564616864,-0.97708005604087989,0.21115657493922435,-0.80241463548371406,-0.99498482833343771,-3.4181912803053871,-2.1016417890479162,-0.85278054135574854
observed_site,site-1-observed_site_test-0073,site-1,0.54010502412714412,0.70394007183149432,-1.1406089005314783,-1.6961841806077382,-0.12350324554177827,1.4491776895241866,0.75394895395459771,0.68696927232525917,-1.128686681938796,-1.7326747804079843,-0.12479964509013353,1.4901204051285299
observed_site,site-1-observed_site_test-0074,site-1,-1.4822814237150594,-1.0362895988643206,-1.1746909608130351,-1.940066314954155,-0.72600839572949649,0.48804952349516484,0.15700397548351036,-1.0068477357758616,-1.1475362923276042,-1.9722095740514742,-0.72830042081623048,0.52807039989370841
observed_site,site-1-observed_site_test-0075,site-1,-0.43903856966319205,-0.12025911300582456,-0.7328559168429658,-1.675943576830627,-0.34149319934158939,0.99295717814745466,0.45314438767210863,-0.11772093884298072,-0.72649859149574048,-1.7077720247354802,-0.3425963138594722,1.028549043056503
observed_site,site-1-observed_site_test-0076,site-1,0.18630349762689691,1.646361526932105,-1.9896068922371117,-2.1896494940720723,-0.99469481534403026,0.20025986338401397,0.94337325852291865,1.5837374313747734,-1.9113739165759831,-2.2177875366251829,-0.9961570285617487,0.23342838103131919
observed_site,site-1-observed_site_test-0077,site-1,-0.25367646911909525,0.71181908863048204,-0.88775244149143795,-1.9761297259418624,-0.76737853820810131,0.44137264952565364,0.75522709402291643,0.69103139463609475,-0.87401123657642876,-2.0074171965073746,-0.76965973077172656,0.48050198983961695
observed_site,site-1-observed_site_test-0078,site-1,0.69102445850663385,-0.12143916276718227,-0.92300220331162053,-0.80936417502351876,0.80839407364310845,2.4261523223097368,0.45261724839209772,-0.11905157319088489,-0.91627125804402687,-0.84874402055685483,0.80889012228848223,2.4636989181374638
observed_site,site-1-observed_site_test-0079,site-1,0.35759512036155799,0.90089137587994517,-1.1295702555097011,-1.6829760879497959,-0.35844190947219323,0.96609226900541123,0.80984069777170409,0.87730940639260846,-1.1119073990084549,-1.714012104721486,-0.35956958735056732,1.0009784651583278
observed_site,site-2-observed_site_test-0050,site-2,2.0557659371338755,0.38662910364082748,-0.78155422742613423,0.46271855093661135,1.7569966245552846,3.0512746981739447,0.6450493899754457,0.3719887573040031,-0.76551827584169962,0.40130565456006007,1.7586852686931611,3.1070053022512778
observed_site,site-2-observed_site_test-0051,site-2,-0.84557371420669347,-0.46584319371474847,-0.72917272964412183,-1.708346178917703,-0.51133481987749541,0.68567653916271498,0.32472458093736439,-0.45452755769061959,-0.72104331100980601,-1.7414892120161731,-0.51018946431537504,0.71492928968824476
observed_site,site-2-observed_site_test-0052,site-2,0.021256463505638479,1.9390934635039345,-2.524343754251626,-2.4528224691937393,-1.2978703153236826,-0.14291816145362912,0.96297527860806897,1.786307749886578,-2.3039144669615257,-2.4933651044706586,-1.3008065353343738,-0.092212248857824863
observed_site,site-2-observed_site_test-0053,site-2,1.5725437958950259,0.36676121034140396,-0.9850565770225701,-0.39712026615545526,1.2185320038695688,2.8341842738946053,0.63995430766748707,0.35833666234091621,-0.97725078306033075,-0.43637336749834377,1.2170558331682049,2.8783419745054779
observed_site,site-2-observed_site_test-0054,site-2,-1.5974033368369847,-0.61101173737296444,-0.77653933785359408,-2.3365559658002555,-1.1725351704446871,-0.0085143750891063519,0.27627865732892093,-0.59393241922060869,-0.7594128752833027,-2.3720413101629139,-1.1753689854646909,0.036738480358903758
observed_site,site-2-observed_site_test-0055,site-2,-0.8868907199030962,-0.90514617020532806,-1.0633979048334214,-1.4503972813600212,-0.21965927722804002,1.0110787269039383,0.19013010042110046,-0.87741696675617342,-1.0415988200102733,-1.4881986514858361,-0.21923412190359637,1.0474531542426868
observed_site,site-2-observed_site_test-0056,site-2,1.1220170719906855,0.69514276276484033,-1.2459858356899327,-1.3910284949907965,0.3805813820983836,2.1521912591875521,0.7530515690511993,0.68412400962089892,-1.2376984841172891,-1.4213979676175563,0.38067881140187299,2.1822368194861013
observed_site,site-2-observed_site_test-0057,site-2,-0.03659062463077481,-0.1563510294500097,-0.74999185086738773,-1.2599562437308574,0.089853225935029535,1.4396626956009149,0.43923712666947418,-0.15290365524586499,-0.74356215703972217,-1.295575419859633,0.090183457117926247,1.4741626892513513
observed_site,site-2-observed_site_test-0058,site-2,0.74598976584827237,0.80388594802160951,-1.0655756736791215,-1.2590122061284448,0.092760101741781398,1.444532409612004,0.78346280334921869,0.78394157488202121,-1.0500986867577635,-1.2947439114011128,0.093079871397822811,1.4791805208648778
observed_site,site-2-observed_site_test-0059,site-2,-0.41356185175524196,-0.78019573462970337,-1.38778675725388,-1.4313383475331376,0.48279722309125511,2.3969327937156488,0.22181165696584951,-0.76608905674192951,-1.3782928044912282,-1.4677732850441136,0.48420921989369425,2.4285173662450683
observed_site,site-2-observed_site_test-0060,site-2,0.60687559887491727,0.41156604381512157,-0.92537402803939606,-1.2575179834891261,0.2380185384382183,1.7335550603655583,0.65621717332476948,0.40216084894641529,-0.91690479943895098,-1.2959897185134577,0.23754374380672477,1.7736632752153474
observed_site,site-2-observed_site_test-0061,site-2,1.7489864137345605,0.15809282381397746,-0.7630346143115877,0.26690648418198182,1.6185590332493152,2.9702115823166562,0.56054724917551846,0.15235683320652579,-0.75137114826232909,0.20291975514491917,1.6216066154563273,3.0237847716780157
observed_site,site-2-observed_site_test-0062,site-2,-0.44949639651990903,-0.64577195597315418,-0.93840987618072824,-1.2675716809446997,0.068610349812821381,1.4047923805703411,0.26423208811052895,-0.63035220169544937,-0.92708434656867822,-1.302413058143802,0.069008302741428051,1.4382852009062241
observed_site,site-2-observed_site_test-0063,site-2,1.2146577505713592,0.41466523839318997,-1.1811728986786294,-1.2128277773570721,0.7298573695775219,2.6725425165121113,0.65837505531159823,0.40803239833965566,-1.1735326839185303,-1.2537485916571856,0.73115371128957163,2.7089190965402667
observed_site,site-2-observed_site_test-0064,site-2,0.9647592542645923,-1.0364523458971779,-1.2580155138384777,0.46502159149198374,1.7589409122770689,3.0528602330621673,0.16241762880919755,-0.9845701507625636,-1.2140658860534657,0.40349826429085001,1.760512730141206,3.1090977640976729
observed_site,site-2-observed_site_test-0065,site-2,0.48815508489337173,0.1607719669820902,-0.9536819624019528,-1.3350046936450861,0.32787736794218203,1.9907594295294613,0.56284019334990498,0.1581740983759635,-0.94808196131185318,-1.366728061506576,0.32738163283645683,2.0241811674152084
observed_site,site-2-observed_site_test-0066,site-2,-0.14118782337625918,-0.46442454145399986,-1.0366742749431941,-1.32347872092479,0.31761234849436298,1.9587034179135123,0.32407435734437462,-0.45633553480114741,-1.0292404218029156,-1.3559452598199104,0.31705168573713272,1.9930900380730034
observed_site,site-2-observed_site_test-0067,site-2,1.7484205487991198,0.74506764172317952,-1.3145571679952908,-0.89646035193765639,0.93054311922247845,2.7575465903826122,0.76775464363456924,0.73147230847521605,-1.3046947431397935,-0.93035587186982394,0.93011018491334529,2.7928146909290241
observed_site,site-2-observed_site_test-0068,site-2,-0.060472007973864095,-0.26969716081133449,-0.82072401684795548,-1.2447013869805466,0.16829771193348714,1.5812968108475203,0.39610325343004116,-0.26344643163232817,-0.81316248552492332,-1.2832357986341185,0.16824963060911474,1.6200081652290088
observed_site,site-2-observed_site_test-0069,site-2,-1.2322208407701478,0.21874013898772507,-0.60486348607916152,-2.5270105502464628,-1.3772427652859056,-0.22747498032534119,0.58348587402371355,0.21081933308775752,-0.58777399673974506,-2.5756379721037326,-1.3799208905041664,-0.16954243911018874
observed_site,site-2-observed_site_test-0070,site-2,0.50577088693865124,0.64046955540747796,-0.9072798444047836,-1.2972677460803332,0.0042185253258221755,1.3057047967319741,0.73437731770461723,0.62610607992577938,-0.89608097862804548,-1.3305396637896425,0.0047337382823073315,1.3372412331654218
observed_site,site-2-observed_site_test-0071,site-2,0.59714606930724479,-1.5453158683247854,-1.9317947302104264,0.48672324503387099,1.7786058021997737,3.0704883593656831,0.074308345436888579,-1.4444348596613912,-1.8116471182179861,0.42285717251329402,1.778601589551448,3.1344117726842486
observed_site,site-2-observed_site_test-0072,site-2,0.15012536727710013,1.4205845793225598,-1.6420233066728647,-2.0402514793438464,-0.854175799709878,0.33189987992409986,0.91225591994003008,1.3547784324143608,-1.5713476796606505,-2.0812726175500313,-0.8547989447683273,0.37509521901877879
observed_site,site-2-observed_site_test-0073,site-2,-0.091345845730463227,2.4214447857890611,-3.7319794689427628,-2.7957191622124369,-1.6579049583535128,-0.52009075449459141,0.97623897927580006,1.9816177284140386,-2.8460180674205557,-2.9150479151756064,-1.6575214130287699,-0.40192740666945537
observed_site,site-2-observed_site_test-0074,site-2,0.49423260197050101,0.19958436271188201,-0.92902296644645044,-1.3066072871121059,0.30194442138215227,1.9104961298764085,0.57768843776326928,0.19598344401153764,-0.9228835785520475,-1.3403822374330621,0.30132335255034515,1.9463983817885062
observed_site,site-2-observed_site_test-0075,site-2,-0.32221793540936644,0.36241924306453271,-0.68330646448054722,-1.7788587066667132,-0.58383070134676807,0.61119730397316718,0.63836771283656946,0.35409915633582062,-0.6751586282654054,-1.8132762945158833,-0.58264323101981863,0.64158592303808293
observed_site,site-2-observed_site_test-0076,site-2,-1.7160729959313041,-1.4068082141221618,-1.623316522087632,-1.9047964166689604,-0.71269885965464974,0.47939869735964735,0.088683009462559761,-1.3489095545515937,-1.560341410335053,-1.9444523706103403,-0.7121205576095373,0.51711452765119226
observed_site,site-2-observed_site_test-0077,site-2,-0.20045623761431891,-0.4661809141925749,-0.92208882251655599,-1.2474830522768847,0.20653680368499439,1.6605566596468728,0.32450944970364332,-0.45512557540675636,-0.91255325845545321,-1.2865760543246341,0.20625151168114408,1.7006397325822864
observed_site,site-2-observed_site_test-0078,site-2,0.69091972808909385,-0.71407144271417189,-1.1224774321381594,-0.18202236410888306,1.3438098610821443,2.8696420862731764,0.2443290867085027,-0.69244458730444458,-1.1053623406031192,-0.23060735056870985,1.3431067249782755,2.9204863465405491
observed_site,site-2-observed_site_test-0079,site-2,-0.24704718650133783,0.19172021454279753,-0.64667395913870696,-1.5922984672616161,-0.38647501424921871,0.81934843876317887,0.57411565322617242,0.18686217907845992,-0.63903967117480298,-1.6300362096120775,-0.38580619697580887,0.8548022730203253
observed_site,site-3-observed_site_test-0050,site-3,-1.4425777352294498,-1.4729927884780776,-1.7260790428703974,-1.5884319992051421,-0.40301484262600984,0.78240231395312554,0.081675339691788335,-1.3938904804769852,-1.6357796601434289,-1.6390773910517527,-0.40130001598789078,0.82713533225600022
observed_site,site-3-observed_site_test-0051,site-3,2.3477055906074931,0.7922234675794404,-1.2992969133051084,-0.20653656726165948,1.5250692114211206,3.2566749901039072,0.78118025836345273,0.7761854711882068,-1.2887250026424268,-0.23656730883787347,1.5230355715534285,3.293594585612948
observed_site,site-3-observed_site_test-0052,site-3,-0.6361972483701257,-0.7013261610209427,-0.86925610393847252,-1.3292878258420155,-0.13453579952150652,1.0602162267990027,0.24789621648517596,-0.68112494696219628,-0.85560583947950497,-1.3669174275826346,-0.13271041006989404,1.0916016804399671
observed_site,site-3-observed_site_test-0053,site-3,-0.47364012971082625,-1.3106511329625679,-1.6941805904872587,-0.78791996388570018,0.68388956112932542,2.1556990861443501,0.10232563524863535,-1.2684108456697039,-1.6516632386328023,-0.82747957345548095,0.68370984589249295,2.1959545390065838
observed_site,site-3-observed_site_test-0054,site-3,1.7573918584704507,-0.6078077568329916,-0.88285327885631792,0.9317248455421463,2.225122058395733,3.5185192712493185,0.27786023460424719,-0.58920991136573619,-0.86607032926724847,0.88700647209789496,2.2238038000426776,3.5680102753157716
observed_site,site-3-observed_site_test-0055,site-3,-0.43543523711560334,-1.189348309907226,-1.433692935720855,-0.8130812393305713,0.51088172041594992,1.8348446801624716,0.1240414032291051,-1.1550186080095495,-1.4013458021828462,-0.84701457899764021,0.51092170490854183,1.8686587825854977
observed_site,site-3-observed_site_test-0056,site-3,0.69821091529229773,-0.93927850169927884,-1.3790042279826864,-0.018943648828435133,1.6327090437886103,3.284361736405657,0.17875628443271754,-0.92011518696628336,-1.3621792924785827,-0.050773601041206096,1.6298703818877243,3.3258383889897085
observed_site,site-3-observed_site_test-0057,site-3,0.28358690436916234,-0.59536224564664419,-1.2707991490317925,-0.9620897203401888,0.97244869317775373,2.9069871066957025,0.27939429400845622,-0.58464181068036125,-1.2637899251641149,-1.0029404045769938,0.97555390497614702,2.9372239975705239
observed_site,site-3-observed_site_test-0058,site-3,2.1260159175218778,0.76770004954644921,-1.3810754426594765,-0.6844604058494177,1.2381739026227228,3.1608082110948623,0.77469442023692725,0.75439652176216321,-1.3703158183619057,-0.72458342510834783,1.2398678180871912,3.1950467329007641
observed_site,site-3-observed_site_test-0059,site-3,1.4131518321080589,0.97822894204513244,-1.2482992446418462,-0.78496897525987674,0.59974149236522867,1.9844519599903316,0.82914360253361985,0.95078644503268439,-1.2256531934407195,-0.8225255319305822,0.59972321346095536,2.0221195124128641
observed_site,site-3-observed_site_test-0060,site-3,2.0062608411059539,0.88777351281388894,-1.4857272697202595,-0.9624347706231533,0.97143036831146967,2.9052955072460982,0.80874467000992167,0.87327966794250345,-1.4733510495994355,-1.0032237825663857,0.9745288322890775,2.9354946635485066
observed_site,site-3-observed_site_test-0061,site-3,-0.37954159716506891,0.51196478984892413,-0.73180164449057428,-1.8961174927736102,-0.73392005591290932,0.42827738094779622,0.68843185020024678,0.49141027332052795,-0.71246949640554624,-1.9529501161359555,-0.73221163573046355,0.47932737251845592
observed_site,site-3-observed_site_test-0062,site-3,-0.4762940135155761,-1.0501413465207792,-1.2171886902937608,-0.93696976559572343,0.3086013433576853,1.5541724523110925,0.15423107597999869,-1.0184542082075234,-1.1893879974802537,-0.97208766475180908,0.30833848437500733,1.5901873874818968
observed_site,site-3-observed_site_test-0063,site-3,-0.03147754308995325,-0.24055676929763434,-0.66556299223213156,-1.0703333854034927,0.14362711885523477,1.3575876231139596,0.40754993390514588,-0.23385201369032016,-0.65706755506409364,-1.1094473319798461,0.14352043552154337,1.3970512899868996
observed_site,site-3-observed_site_test-0064,site-3,0.16519726366590542,-0.38630425923768391,-0.77639617943670514,-0.83416652547479431,0.4673435947906015,1.7688537150559991,0.35282629484505468,-0.37770118191769686,-0.76865127546179024,-0.86707567033701216,0.4673467010004051,1.8017625522773402
observed_site,site-3-observed_site_test-0065,site-3,-0.82924601391419217,-0.93861183735024845,-1.0673358537896935,-1.3523288355769727,-0.15803555815380765,1.0362577192693578,0.18193091938898082,-0.90803100889610155,-1.043933399815846,-1.3914504387692352,-0.15612301942244156,1.0688257984753906
observed_site,site-3-observed_site_test-0066,site-3,1.451032219941329,1.0664675606619629,-1.3256029898835087,-0.79012022351654498,0.57590876112732914,1.9419377457712055,0.84991610106908777,1.0360736205267842,-1.29919626631007,-0.82662843881113046,0.57592433843924951,1.9784310482387411
observed_site,site-3-observed_site_test-0067,site-3,-1.2343042298924498,-0.55269221152305903,-0.75502514740333782,-2.0143064085431823,-0.86113699807146449,0.29203241240026301,0.2998924139083935,-0.5247099665721171,-0.73217802230518436,-2.0826693521693089,-0.85856001037290608,0.35163429373874244
observed_site,site-3-observed_site_test-0068,site-3,1.0524764038075682,0.27103897791442055,-0.96889671614091588,-0.86370354382599146,0.78364744531840358,2.4309984344627997,0.60508277333169058,0.2665255907889082,-0.96281608186711387,-0.89759643389190891,0.78390663957547768,2.4640927784716422
observed_site,site-3-observed_site_test-0069,site-3,2.3937698204070648,0.29813717492899772,-0.75753049814896833,0.84670027025402383,2.1602212989644292,3.4737423276748394,0.61388513185277915,0.28945954175283733,-0.74560717841673863,0.79963625329041776,2.1607311277848069,3.5192823711503602
observed_site,site-3-observed_site_test-0070,site-3,1.5027009907142421,-1.0154114630393405,-1.2808576106822307,0.96494442827119919,2.2934970982264176,3.6220497681816299,0.17486321281645328,-0.93512006781504564,-1.1949088863818618,0.86640796456088442,2.2773388070460276,3.7758085146843521
observed_site,site-3-observed_site_test-0071,site-3,1.7566690917941226,0.85801408324240103,-1.3712230883011425,-0.92640861031384625,0.84196740629905564,2.6103434229119515,0.80065976968303265,0.84398021673240509,-1.3600495819597682,-0.95903048165714111,0.84321214319823334,2.6387951780854806
observed_site,site-3-observed_site_test-0072,site-3,0.70182208142175473,0.010835378804702032,-0.83172500218656742,-0.79076785962715812,0.69230238355488316,2.1753726267369276,0.50425519272765384,0.010666388657479448,-0.82489719685088736,-0.83020501111731115,0.69211365289712878,2.2155384274521719
observed_site,site-3-observed_site_test-0073,site-3,-0.42839453950549899,-1.0192047941586653,-1.1904741389808118,-0.91503608846614237,0.33870926555276826,1.5924546195716824,0.16113119126166517,-0.98981943719711407,-1.1651894454261462,-0.94918209846553858,0.33848948293973058,1.6273537404475218
observed_site,site-3-observed_site_test-0074,site-3,0.73131198935026775,-0.14316692701628911,-1.054164628653373,-0.95882022053091998,0.88824860015982754,2.7353174208505782,0.44390506796439105,-0.14107570544637674,-1.0491940398475756,-0.99371540704969186,0.89035084115401553,2.763093829162214
observed_site,site-3-observed_site_test-0075,site-3,1.2883433595454465,0.71502680145063136,-1.0689394089733497,-0.78380817324354113,0.6662931785952958,2.1163945304341309,0.75691941640882854,0.69642746620896046,-1.055006307752042,-0.82336602311388329,0.66614208022399379,2.1565451302245782
observed_site,site-3-observed_site_test-0076,site-3,-1.1315395088097193,-1.6428429887489329,-1.9940591693769636,-1.1484406417080764,0.055273026766560651,1.2589866952411912,0.057582842787645291,-1.5753933190008784,-1.907183140552126,-1.1855982968703596,0.055655955227060128,1.2948432998179489
observed_site,site-3-observed_site_test-0077,site-3,0.44684661784759172,0.69181938386467967,-0.85996969555822833,-1.2494548667361256,-0.052605595480270884,1.1442436757755852,0.75020202134618874,0.67512562049784686,-0.84627233584022377,-1.2838815587116865,-0.051300383497753566,1.1742350060792361
observed_site,site-3-observed_site_test-0078,site-3,1.4366628907669043,0.21234283380092553,-1.1180031538034627,-0.75871368234569991,1.1864414140777779,3.1315965105012631,0.58283856212567875,0.20916059105697937,-1.1109153133715057,-0.8010429704534312,1.1887507255468721,3.1659362582777071
observed_site,site-3-observed_site_test-0079,site-3,-0.15396354449918292,-1.2449102195151982,-1.8609880969215502,-0.63634164425674467,1.2697375850369288,3.1758168143306014,0.11238152058497794,-1.2139598898563635,-1.8348332528050795,-0.67491985290821255,1.2710175204713037,3.2099289126973205
observed_site,site-4-observed_site_test-0050,site-4,0.095716483150627418,-1.1584227019109081,-1.7772172194592062,-0.49679245156386442,1.4473874366271313,3.3915673248181122,0.12936196842964892,-1.1294123228888611,-1.7528296295888441,-0.53888797710676561,1.4485175734904077,3.4297130293593145
observed_site,site-4-observed_site_test-0051,site-4,1.3090360688287537,0.7710066330328661,-0.95277557457363327,-0.5014274658817659,0.73673606524032542,1.9748995963624154,0.77353604586452518,0.75054271401912909,-0.93719914148927663,-0.53523423529501724,0.736604776123303,2.0091766981336412
observed_site,site-4-observed_site_test-0052,site-4,0.56013888750862506,0.6276094938247041,-0.81946668218085339,-1.075257234065579,0.11313036296608692,1.3015179599977493,0.72743847593074895,0.60508420565054399,-0.80058721348611406,-1.1262652868410661,0.11473101727580698,1.3471707637791943
observed_site,site-4-observed_site_test-0053,site-4,1.2475102966994667,-0.044959774368163105,-0.9972617424447614,-0.46281560469753114,1.2955082643129372,3.0538321333234104,0.48235209005407781,-0.044251187691393176,-0.99220367396513764,-0.49499076095614369,1.2950786372096998,3.0874714348511598
observed_site,site-4-observed_site_test-0054,site-4,2.1015486402534012,-0.144073569034465,-0.88148245029603522,0.69031780269389631,2.2365711603415903,3.7828245179892761,0.44393817879486491,-0.14099187936167834,-0.8733769944242249,0.65230963396475827,2.2349216425826777,3.8262623887086704
observed_site,site-4-observed_site_test-0055,site-4,1.7134142212309558,0.34051302650794252,-1.0960992258124509,-0.49532108937470332,1.3375952420840487,3.170511573542798,0.63125866666649411,0.33518880462797629,-1.0902686376868596,-0.52956442228263101,1.3377121164803056,3.204339311837455
observed_site,site-4-observed_site_test-0056,site-4,4.1614243371076558,1.8679096964225015,-2.7124413760969843,1.4101575058229272,2.7558380171549968,4.1015185284870732,0.93603627180707338,1.5223258406365452,-2.1513918363063147,1.2746100156086499,2.7385934699574506,4.2954489449128275
observed_site,site-4-observed_site_test-0057,site-4,3.0682054734372839,0.77519131631284255,-1.1038348238257909,0.97276311641349333,2.4049944994252268,3.8372258824369512,0.773770173995453,0.75132073718975334,-1.0851537978542589,0.92461084861498022,2.4055446833191461,3.8833199103763176
observed_site,site-4-observed_site_test-0058,site-4,1.0094679203046022,-0.28394145350945355,-1.0593988075307006,-0.48156958091295554,1.3170123306437889,3.1155942422005367,0.38993125129061112,-0.2794982216509625,-1.053826293363884,-0.51456990153844484,1.3168580398347978,3.1491129339278374
observed_site,site-4-observed_site_test-0059,site-4,2.2114823031452646,1.2748946447369598,-1.6231529635522262,-0.32353576513669036,1.1130136582403272,2.5495630816173556,0.89146573649918792,1.2343606987045024,-1.5844454881150545,-0.36051393952631283,1.1124992069881587,2.5882932853292244
observed_site,site-4-observed_site_test-0060,site-4,0.11362590179146848,-1.1118102050789345,-1.684042744270914,-0.50686768648218283,1.3656433107899506,3.2381543080620903,0.13840446616933041,-1.0875157714676469,-1.6637538662836666,-0.54319871354282978,1.3661074374699858,3.2728687192240904
observed_site,site-4-observed_site_test-0061,site-4,-0.238805211335956,-1.4052929072686369,-1.6681291133976208,-0.43596494207390646,0.82666281329529279,2.0892905686644863,0.086585212927992872,-1.3620870146146991,-1.6227654049310283,-0.46651832682722782,0.82662109847502874,2.1199888857310372
observed_site,site-4-observed_site_test-0062,site-4,1.3075526317962147,0.11314765385642465,-0.89013608342612027,-0.36409093116878222,1.2021168234628816,2.7683245780945422,0.54415402295820636,0.11090465517340106,-0.8838137166054556,-0.39948407264689645,1.2011600924217545,2.8069928963867161
observed_site,site-4-observed_site_test-0063,site-4,-0.88454815863309455,-1.9854573580040917,-2.6281288473620026,-0.65435968251002374,0.55343954301494758,1.7612387685399196,0.029473266316095148,-1.8885919042221371,-2.4756482114532035,-0.69187314558201463,0.55368708885087736,1.7979201903615225
observed_site,site-4-observed_site_test-0064,site-4,2.6168611372279895,-0.15756893407254366,-0.80150659014757375,1.4133269662223635,2.7552787898616118,4.0972306135008676,0.44266788727619077,-0.14420856905090973,-0.7601700297067866,1.2830287239085545,2.7388432361628836,4.2831566887899761
observed_site,site-4-observed_site_test-0065,site-4,1.7028247106940864,1.3455705877276758,-1.5654911898664043,-0.52302313240974585,0.7091440767349555,1.941311285879654,0.90293661515861856,1.2984674055799017,-1.5173126597461717,-0.55795314213221459,0.70900719601541096,1.9767309612070332
observed_site,site-4-observed_site_test-0066,site-4,1.3462382675508859,0.20693079332354489,-0.86199683184970466,-0.33634672438929425,1.1611250200729817,2.6585967645352646,0.58021186030268046,0.2024354980534169,-0.85495449176715943,-0.3735585836205263,1.1603313203600534,2.6985260035563674
observed_site,site-4-observed_site_test-0067,site-4,-0.57220355998326766,-1.8198566465287844,-2.3389369455099964,-0.45648588227204656,0.79719375441593932,2.050873391103921,0.040154225394274858,-1.748899165997432,-2.2406677388447833,-0.48793702939599082,0.79711612249963104,2.0826015512589175
observed_site,site-4-observed_site_test-0068,site-4,0.48929508755173856,-0.74342622901550282,-1.1114413861135772,-0.33266110047802866,1.152597905091358,2.6378569106607435,0.23404934705009403,-0.72557607225343879,-1.0974518209454895,-0.37001671281091675,1.1518516674840393,2.6777665477555392
observed_site,site-4-observed_site_test-0069,site-4,-0.95061307908437176,-1.4505236666561299,-1.6945232504541063,-1.1120162537518132,0.074426489271349872,1.2608692322945179,0.084985921111296422,-1.3722942907946707,-1.6053699647258941,-1.1640537808478313,0.075899390282868628,1.3079842216168318
observed_site,site-4-observed_site_test-0070,site-4,0.82939852683318827,-0.022461095353555269,-0.67386970807802915,-0.42271915828770368,0.84653634424793411,2.115791846783571,0.49121726820400985,-0.022016822459818619,-0.66762374557938009,-0.45281884225498603,0.8465184610771358,2.1459476225387295
observed_site,site-4-observed_site_test-0071,site-4,2.6654986293113008,0.85380126375668819,-1.4598454805181318,-0.25906265678906581,1.6742118259699361,3.6074863087289541,0.79847159955177049,0.83617439478976707,-1.4464659043055563,-0.30062619756983733,1.6746364407779026,3.6474251916297882
observed_site,site-4-observed_site_test-0072,site-4,2.3994655000103986,0.24261595790388904,-0.93059899868021612,0.57520301038186994,2.1695455120392459,3.7638880136966018,0.59399752950860807,0.23784032515717116,-0.92370204452503635,0.54093999932991743,2.1674415916753644,3.8051339087672473
observed_site,site-4-observed_site_test-0073,site-4,2.5539634540357969,0.86997992167087446,-1.4907676557439962,-0.44020057001870161,1.5260562136772322,3.4923129973731672,0.80286259478258748,0.85189060740373779,-1.4765195912365223,-0.48485166354270315,1.5272864736792668,3.5326241572132604
observed_site,site-4-observed_site_test-0074,site-4,1.946344076998032,0.72250606411198337,-1.1901043127462296,-0.39884998866378096,1.2368308629172649,2.8725117144983092,0.76035704151549743,0.70745154093006712,-1.1794886482372087,-0.43210443170193036,1.2359012083557235,2.9089456561320297
observed_site,site-4-observed_site_test-0075,site-4,1.2074493822807117,1.2327661048622947,-1.3854910174153932,-0.87401134183338902,0.32067195679408744,1.5153552554215666,0.88391434650653677,1.1947843228849426,-1.3457883493502096,-0.91301859669187113,0.32246325965485845,1.5483332108032264
observed_site,site-4-observed_site_test-0076,site-4,2.5078368434161753,-0.29083556305140107,-0.75858113843667518,1.4333834247870336,2.7346675521393435,4.0359516794916352,0.39095895160941102,-0.27682054703772135,-0.73521115104647072,1.3616991699161578,2.7293164800451235,4.1257458534370617
observed_site,site-4-observed_site_test-0077,site-4,-0.98922950833218293,-0.89611390801474633,-1.0130860749632991,-1.5350732505086477,-0.38041834267321217,0.77423656516221773,0.19894214769776886,-0.84540582132086617,-0.97212537987020098,-1.6017956023325217,-0.37869995520276312,0.83497643378208308
observed_site,site-4-observed_site_test-0078,site-4,1.7942198387827437,-0.38075640681030803,-0.9763371606643112,0.56168861486640898,2.1617195731299867,3.7617505313935666,0.35438990154504246,-0.37349535327421013,-0.96769733314955153,0.52780815625049682,2.1595793709706084,3.8027381597435972
observed_site,site-4-observed_site_test-0079,site-4,0.61262947150272429,0.25841259947275408,-0.65381589051935962,-0.77242445180211927,0.42519659460980885,1.6228176410217328,0.59965314626779354,0.25244941699357198,-0.64686195169586802,-0.80720792540692732,0.4263927607594401,1.6535687018453775
transferred_site,site-5-transport_test-0025,site-5,1.2109261277885812,1.6699585561741446,-2.2818684567325493,-1.0669629525472628,0.15188032804422935,1.3707236086357111,0.9052677187694208,1.31216472090113,-1.773279583606701,-1.2620064997147147,0.15238379869270618,1.5654457135194082
transferred_site,site-5-transport_test-0026,site-5,1.5665782039669114,0.23955413743362242,-1.3083318306991991,-0.96779522750250435,1.2551915090697303,3.4781782456419594,0.58832905919092526,0.22324878928879402,-1.288765111657227,-1.1337899940410352,1.2519213614499105,3.6554543507218384
transferred_site,site-5-transport_test-0027,site-5,0.95966793497328551,-0.16070124055700818,-1.262080633650309,-0.98972958812164591,1.1611833928529114,3.3120963738274622,0.4405653668093033,-0.14953596348176929,-1.2419370529954621,-1.1719087144446583,1.163727091731757,3.4854544502653906
transferred_site,site-5-transport_test-0028,site-5,1.6621845894322798,-0.82391747153709716,-1.5799955164721522,0.52695642030485745,2.6280093760404633,4.7290623317760883,0.22826318906742776,-0.74457881614827914,-1.5171381126287844,0.31277922087341914,2.6461364736258615,4.8805862139915153
transferred_site,site-5-transport_test-0029,site-5,1.4937599237488604,0.16377742442322027,-1.2924316982968205,-0.94111551712052011,1.2831401231589712,3.5073957634384723,0.5606593676604219,0.15264115956315996,-1.2741738962681859,-1.1044596404342293,1.2787587300452181,3.685771648679248
transferred_site,site-5-transport_test-0030,site-5,3.0115317037125173,0.97365695716578149,-1.7515725864287852,-0.51033507991789251,1.7349462947164218,3.9802276693507306,0.81959904825202567,0.91383813763791599,-1.7025142932288853,-0.64699931742176897,1.7347845219917348,4.11701134620637
transferred_site,site-5-transport_test-0031,site-5,1.4901322037760094,-0.89490664958700628,-1.659966825573828,0.42426498996990136,2.5594145238785626,4.6945640577872298,0.2095829728964119,-0.80786909190128364,-1.5901004298456696,0.21174053510618013,2.5776403334138411,4.8441051552734997
transferred_site,site-5-transport_test-0032,site-5,3.0301215967027746,1.8776758938985674,-2.8767487307357626,-0.72079355071835072,1.0728088374942026,2.8664112257067544,0.95322582671319156,1.6769700093213924,-2.5839348382219831,-0.87757963120419724,1.0829473059002357,2.9886451036386763
transferred_site,site-5-transport_test-0033,site-5,4.2464125415764249,1.6572283954544167,-2.6942353275961208,-0.19151457573254071,2.0712922480425418,4.3340990718176284,0.93397340208825652,1.5060544522337578,-2.51254385550236,-0.36024091836893801,2.0810611394993219,4.4692001543974582
transferred_site,site-5-transport_test-0034,site-5,0.89468805023027542,1.3689199723907459,-1.7563493485101445,-1.1497936739929628,0.050471519332635717,1.2507367126582372,0.86303377844237938,1.0940513832045822,-1.4323196846355211,-1.3513258795748202,0.047463520116337199,1.4628432982156965
transferred_site,site-5-transport_test-0035,site-5,4.3883084215481709,0.99053120525956095,-1.6980742975470717,1.4677391804966766,3.3495572259978874,5.2313752714990933,0.79857352447707008,0.83653685707102232,-1.535080523276166,1.1437123136756977,3.3514430679338094,5.5507683733170854
transferred_site,site-5-transport_test-0036,site-5,0.35765579652417301,-0.53652508608804728,-0.98318016470885672,-0.66071326692117416,0.76038591342821982,2.1814850937776047,0.31585264329825097,-0.47932802698167898,-0.92500221010673989,-0.85206018973698994,0.7747146105878,2.3275664156464879
transferred_site,site-5-transport_test-0037,site-5,2.6163526886248865,0.53024374745201786,-1.4064714977663633,-0.34795153770802778,1.9145225729381019,4.1769966835842176,0.69312550970775977,0.50472929751333862,-1.3777602737958003,-0.49585771731846295,1.9197261152491913,4.3068582792299148
transferred_site,site-5-transport_test-0038,site-5,2.1756941897567179,-1.1358260996502343,-1.935384452680976,1.447134376314805,3.3651053133073976,5.2830762503000051,0.17931111438001798,-0.91799357655726277,-1.6811692568881822,1.0558953670109434,3.3771687603105542,5.6362524833486862
transferred_site,site-5-transport_test-0039,site-5,4.4429075636771733,1.8418418446531797,-3.030956339012854,-0.24280587758924244,2.0217308885500112,4.2862676546892642,0.95149153945114839,1.6594908590771058,-2.7843325089254818,-0.40446447378568584,2.0301011260372599,4.4190875474499789
transferred_site,site-5-transport_test-0040,site-5,2.6104393464181537,-0.2090419128196645,-1.1866497097454964,0.83817378699045453,2.8302675614465551,4.822361335902646,0.4244380640484679,-0.19055260156704087,-1.1498447850575217,0.61395701958733484,2.8449579360594908,4.9960667408614494
transferred_site,site-5-transport_test-0041,site-5,-0.99861747419992675,-1.1635025630162359,-1.467150117017187,-1.4670252676842366,-0.31462973906126013,0.83776578956171632,0.18238240456326912,-0.90632320041071279,-1.1578285224736307,-1.7323166815143103,-0.33068124098668761,1.1542752893846964
transferred_site,site-5-transport_test-0042,site-5,3.1940716437668319,1.2111226184240624,-2.023471020304501,-0.61304256486028463,1.6162222580174106,3.8454870808950967,0.86861602377312297,1.1198728428996789,-1.9360685107889413,-0.75410633355843326,1.6128848380759531,3.9974258719352753
transferred_site,site-5-transport_test-0043,site-5,-0.21999337096370986,-1.1266647596581316,-1.8527692168095107,-0.91606069895733899,1.1238822401455542,3.1638251792484438,0.15213572528154037,-1.0273165101867514,-1.7570527194622707,-1.0942621634764371,1.1294180665109579,3.3228219289536205
transferred_site,site-5-transport_test-0044,site-5,4.0503207704013802,1.1158254202803821,-1.8244064361620382,0.69304211211549771,2.7363273371871228,4.7796125622587518,0.84585195669865421,1.0188038731340967,-1.7281653462790796,0.47483531085159381,2.7532636180256995,4.93937182923219
transferred_site,site-5-transport_test-0045,site-5,2.1730838233812984,0.63931568045893927,-1.4885709207439057,-0.8786394780839375,1.3418297377063717,3.5622989534966916,0.72331897564783443,0.59272971945140618,-1.451542422221453,-1.0393560613030051,1.3359834367555883,3.7428794279925186
transferred_site,site-5-transport_test-0046,site-5,1.394092425817814,0.011285381496764762,-1.2722048570374773,-0.83055181701235758,1.386253823951676,3.6030594649157179,0.50403651058611176,0.010118204210357465,-1.2535763717883419,-0.98998474831520933,1.3799542704523313,3.7837690920863492
transferred_site,site-5-transport_test-0047,site-5,1.1334965903214425,0.047622128944252023,-1.0470032839795358,-0.7237394125455745,1.0739657843920718,2.8716709813297197,0.51786064222815098,0.044784957117102717,-1.0191891181985786,-0.88061673382539762,1.084024479852993,2.9942498011277054
transferred_site,site-5-transport_test-0048,site-5,-0.37769559919570306,-1.240006000686718,-2.0114896869203531,-0.94554212836012419,1.1344673827097822,3.2144768937796702,0.12985639060734244,-1.1270702482040882,-1.8927939007244159,-1.1268126645004164,1.1391188711890545,3.37959935284188
transferred_site,site-5-transport_test-0049,site-5,0.96806993066166114,-0.12673209548667858,-1.1501990427210931,-0.84667045191568557,1.1057695837527841,3.0582096194212429,0.45279628410731038,-0.11859961774002513,-1.1273934164305632,-1.0155993562941368,1.1129590735654817,3.2022812032280812
transferred_site,site-5-transport_test-0050,site-5,4.2081919523251488,1.4312359972766122,-2.3123530145890325,0.18178875263945377,2.3863339997663893,4.5908792468932953,0.90359615516403979,1.3023180328794171,-2.1697776028905902,-0.023453415764527308,2.403059001166274,4.738461607413047
transferred_site,site-5-transport_test-0051,site-5,3.5244499307502122,1.5511472329322131,-2.5158087921393686,-0.7059624717746813,1.5113838217817985,3.728730115338275,0.92006392596034492,1.4055016867947701,-2.334364515918375,-0.85681630810410492,1.505909811677141,3.8977951324791031
transferred_site,site-5-transport_test-0052,site-5,3.4918053998528613,1.677562379251063,-2.7308926139618213,-0.93199891884782082,1.2920459127832242,3.5160907444142584,0.93505553871274116,1.5145400558083657,-2.501767488020612,-1.0947450788697306,1.2873696156252004,3.6948543141770624
transferred_site,site-5-transport_test-0053,site-5,0.1529969583498807,-0.79939681657571082,-1.5942087334138677,-1.0024242033234467,1.1855410855740702,3.3735063744715847,0.23004475566085988,-0.73869946401604702,-1.5420518178932265,-1.1806969793856907,1.1863023964538431,3.5491642414001401
transferred_site,site-5-transport_test-0054,site-5,2.3748270964667553,0.4630844658391855,-1.3703315532368172,-0.48267308802574294,1.7665324852033029,4.0157380584323636,0.67016724641545689,0.44037502955535923,-1.3449005538963872,-0.61982973323982971,1.7672895004304965,4.1499101639766991
transferred_site,site-5-transport_test-0055,site-5,0.67106776331795093,-0.71547807248720241,-1.523384613540987,-0.61887214146671576,1.6094994111613585,3.8378709637894177,0.25022931800807446,-0.67376829286618189,-1.4877780387758397,-0.76045165579408458,1.6060011902190927,3.9908730572616373
transferred_site,site-5-transport_test-0056,site-5,0.22286874926873179,-0.85221841541926824,-1.3689635305769903,-0.65176743939956072,1.0281101623229738,2.7079877640455057,0.21801607349104585,-0.77891099445288103,-1.3152805648391082,-0.81187422502966422,1.0404612911468278,2.8267580491369011
transferred_site,site-5-transport_test-0057,site-5,3.3023587441918294,0.066771666720526909,-1.113190317619321,1.4151373239260616,3.2432058554414991,5.0712743869569383,0.52325697231936286,0.058329643809118953,-1.0641831688377923,1.1719844622699318,3.2350743348711437,5.3428990908701683
transferred_site,site-5-transport_test-0058,site-5,-0.78570371154509744,-0.37258775667722033,-0.85724453723692529,-1.689233093960091,-0.55546284288965952,0.57830740818076554,0.38903477942811843,-0.28183561727969192,-0.65753223655480553,-2.0378745073979441,-0.57836798787650046,1.0020385145918511
transferred_site,site-5-transport_test-0059,site-5,0.7788862963859271,-1.2458965462119618,-2.0922923959556066,0.12543956995906697,2.3431298055002996,4.5608200410415325,0.13261006069048428,-1.1141376906052334,-1.9645389492172727,-0.076527346802007568,2.3591675958523517,4.7075311458189821
transferred_site,site-5-transport_test-0060,site-5,3.8252455013775779,0.35122660052551391,-1.4464959933784998,1.3303149061269064,3.3819782952695663,5.4336416844122448,0.61011864852459463,0.27962828656178212,-1.3032544023617658,0.6680706661622059,3.4279900140914865,5.944352776120283
transferred_site,site-5-transport_test-0061,site-5,4.9755551687522761,1.6994898387984692,-2.6814028313912761,1.411508944382585,3.2396782635667005,5.0678475827507921,0.91901292379410493,1.3984627456015932,-2.2509069705885021,1.1684480863331237,3.2317088636045166,5.3388309045728377
transferred_site,site-5-transport_test-0062,site-5,1.0239239964318001,-0.2470306616013126,-1.3045679998565494,-0.86560178276273336,1.3538052839070756,3.57321235057689,0.40857421814797251,-0.23121415181387792,-1.2831784674783069,-1.0259887276504474,1.3477872274588134,3.7540119463096415
transferred_site,site-5-transport_test-0063,site-5,3.0909171290860273,1.0665087969611005,-1.8503922398525356,-0.54456235873416969,1.69550993939824,3.9355822375306482,0.84039100801667066,0.99606619424330189,-1.7900525585742073,-0.68161459491040599,1.6942355782894851,4.0765142646534507
transferred_site,site-5-transport_test-0064,site-5,0.76909011006518591,-0.035880878735485955,-0.82380331584726441,-0.65170347552538233,0.78201086131129327,2.2157251981479602,0.4873115262480332,-0.031810651213627583,-0.77107445430243238,-0.84191804601447573,0.7964958483732596,2.3600437948095512
transferred_site,site-5-transport_test-0065,site-5,1.8649998063014159,-0.56805355859121776,-1.403248912039889,0.39547008076320977,2.5397955714265543,4.6841210620898863,0.30132103917972414,-0.52060483802651647,-1.3637524431627612,0.18343197018948809,2.5579685875175286,4.8333690819803428
transferred_site,site-5-transport_test-0066,site-5,1.0016611072996267,-0.26261791612502428,-1.3087123234906302,-0.86760585981249627,1.3519633566263511,3.571532573065193,0.4029324481254577,-0.24576403880451611,-1.2869686002948801,-1.0280428116106821,1.3459691988055864,3.7523063360263893
transferred_site,site-5-transport_test-0067,site-5,1.0147210247868372,-0.32196112524056542,-1.3201926972662867,-0.77356473420552074,1.441003368068972,3.6555714703434652,0.38136454155318344,-0.30189896719682524,-1.2962152881919964,-0.93038798990199933,1.4347448191218701,3.8333962853740906
transferred_site,site-5-transport_test-0068,site-5,1.3125635423875259,0.16633703717289161,-1.1756868116549615,-0.87570968860846032,1.112590279150294,3.1008902469090502,0.56164635523999606,0.15514464134809594,-1.1516146866743735,-1.0486427138451957,1.1191270621444969,3.2511841387876248
transferred_site,site-5-transport_test-0069,site-5,0.69454464284755335,-0.52701109828517401,-1.4124185773725901,-0.82701402630546417,1.3895666063195848,3.6061472389446374,0.31123034183866288,-0.49236592460810874,-1.3805558030070182,-0.98633300189436035,1.3832522497259983,3.7867841511983258
transferred_site,site-5-transport_test-0070,site-5,-1.3061524109993663,-1.7384304616290573,-2.4595400000805729,-1.4433187910259999,-0.28832398586759256,0.86667081929081269,0.10090896643323034,-1.2763893110292428,-1.718540545218971,-1.7015856549817063,-0.30350008270268236,1.1733229362458748
transferred_site,site-5-transport_test-0071,site-5,0.1564974490579647,-0.85005270358589224,-1.5009341371329705,-0.81720225309678685,1.0994511971280472,3.016104647352881,0.21677662466413922,-0.78312578741839267,-1.4480198195718488,-0.98223680251140677,1.1072845480871571,3.1541155054032206
transferred_site,site-5-transport_test-0072,site-5,-0.42822225115857582,-1.472983392562883,-2.0129161564811882,-0.71753846714087577,0.64725064470609917,2.0120397565530701,0.11243950264855694,-1.2136562818914305,-1.6947026106771534,-0.91181095214285879,0.66026443021808512,2.1657702434235535
transferred_site,site-5-transport_test-0073,site-5,4.1676400157183595,0.71682444718130245,-1.5254962453112311,1.4165167349925589,3.3744238634589254,5.3323309919252937,0.7228147831608458,0.59122386618645306,-1.375005322700426,0.94611873169709459,3.3976519940789194,5.7280456783896669
transferred_site,site-5-transport_test-0074,site-5,0.27757925222604429,-2.9098097425773566,-6.232570086541612,1.3771646894425968,3.3797538258587756,5.3823429622749668,0.02788786348554273,-1.9127838697508133,-3.4873504641940971,0.81566373729386066,3.4145452181499345,5.8306690819761142
transferred_site,site-5-transport_test-0075,site-5,3.1371964815838256,0.28606020707849505,-1.206051899226239,0.78100307943147673,2.7932316510167681,4.8054602226020791,0.60490652922472388,0.26606786718330372,-1.1646253372623077,0.55944743456980406,2.8089535247156534,4.972863498930411
transferred_site,site-5-transport_test-0076,site-5,2.9681755536851386,0.63641332838212183,-1.4706904294742635,-0.13013290060167626,2.1283550354979912,4.3868429715976536,0.72621651116151587,0.60140994313195795,-1.4333907860114194,-0.30702200450223971,2.1396595224378534,4.5248384938061808
transferred_site,site-5-transport_test-0077,site-5,1.4794152570215702,0.21440180714124304,-1.2946947425627773,-1.001496388318065,1.2008030301643848,3.4031024486468402,0.57908099152549908,0.1995429917112741,-1.274604692021106,-1.1766461844163232,1.2005336271460814,3.5792175814380078
transferred_site,site-5-transport_test-0078,site-5,1.377369344379614,0.003741603369097562,-1.272592617473665,-0.83798167884284624,1.3793238106384211,3.5966293001196772,0.50122877144007327,0.0030800781047955971,-1.2540420607727041,-0.99763985954495271,1.3730632103058231,3.7774510490913658
transferred_site,site-5-transport_test-0079,site-5,1.6170658159146567,-1.567773900571422,-2.4183076174036082,1.4078931684548976,3.2362168374950482,5.0645405065352103,0.092521260347641868,-1.3253879225624341,-2.1025853767896829,1.1648909869264594,3.2284153466601468,5.3348961129650556
transferred_site,site-5-transport_test-0080,site-5,5.1917560329523376,2.0543142006891149,-3.3790358867784298,0.97619495033858916,2.9204670760412483,4.8647392017438822,0.95845693357078454,1.733053653654538,-2.8500090807005143,0.74435486497583547,2.9318043284732007,5.0578523610978019
transferred_site,site-5-transport_test-0081,site-5,0.90211291877805033,-0.24672535545758975,-1.3073709032238161,-0.98918470582913942,1.2276662794929554,3.4445172648150524,0.40895390703440215,-0.23023674018349644,-1.2871170931162179,-1.1591813415202721,1.2257769259752294,3.6210748028233657
transferred_site,site-5-transport_test-0082,site-5,0.32542531743142283,-0.73406746279000146,-1.3228865524552977,-0.70858532129002016,1.0676048048206235,2.8437949309312711,0.24866035624141999,-0.67871144579176534,-1.2815761213756802,-0.86514645140533997,1.078083344692458,2.9647285749545498
transferred_site,site-5-transport_test-0083,site-5,0.96051630106623398,1.2973271170657121,-1.6378991051229808,-1.0762417207174273,0.14035086222397741,1.3569434451653812,0.85559227966827767,1.0607237998662895,-1.3775134885188416,-1.2718275175635545,0.14046614961429832,1.5534178316965452
transferred_site,site-5-transport_test-0084,site-5,2.592575582623093,0.33850258541098233,-1.3202055192535149,-0.11674767093718585,2.1404866885431399,4.3977210480234792,0.62597499524508804,0.32121164292152216,-1.2885611389085561,-0.29533883978260578,2.1521055978105936,4.5363381282694002
transferred_site,site-5-transport_test-0085,site-5,2.5457023017713665,-0.78495086077886234,-1.5549152266801891,1.4494976815560192,3.3639831904631867,5.2784686993703716,0.25823517920532318,-0.64879582188165019,-1.4145488245863029,1.0649777982897537,3.3750548024285716,5.6281747174283838
transferred_site,site-5-transport_test-0086,site-5,2.0696327686223803,0.37657486809791607,-1.335643756131152,-0.64176788406518148,1.5832184402923652,3.8082047646499095,0.63848318157455131,0.35440733695732557,-1.3118917808993806,-0.78557104796762367,1.5791183027380205,3.9654849112389741
transferred_site,site-5-transport_test-0087,site-5,0.86767994392880032,-0.44317734200649556,-1.3668337204130916,-0.76295645648695176,1.4516026204778836,3.6661616974427043,0.3389788714115109,-0.41525158040573135,-1.3389191636472455,-0.91906446115503027,1.4454153483902479,3.8430065716577717
transferred_site,site-5-transport_test-0088,site-5,3.649105810978007,0.48557811338526879,-1.2419211967449688,1.3024680183612425,3.1480250291016083,4.9935820398419954,0.66678230116718762,0.43104534796110755,-1.1804280274768029,1.0578805823173947,3.1459069051679691,5.2461467390158392
transferred_site,site-5-transport_test-0089,site-5,3.7547877154202656,1.1049281375086819,-1.8840235086389885,0.1130186499259736,2.3334289115487219,4.5538391731714603,0.8466349957161089,1.0221075322642075,-1.8047889828770998,-0.088120989148803841,2.3492980923879641,4.7003110874733434
transferred_site,site-5-transport_test-0090,site-5,2.9411100190255537,0.33705071721085827,-1.2825522251842081,0.34740169772953422,2.5065436067268911,4.6656855157242401,0.62422442483055007,0.3165947099068917,-1.2443696806221138,0.1363158688119232,2.5245520714605294,4.8145737403859981
transferred_site,site-5-transport_test-0091,site-5,-0.64690646859254664,-1.6652688297860645,-2.5151310671753611,-0.72320562627666196,1.0737587534523865,2.8707231331814254,0.070788416773569909,-1.46994432446259,-2.2688863936763748,-0.8800654048686265,1.0838318414841526,2.9932385975001359
transferred_site,site-5-transport_test-0092,site-5,-0.042661283688186002,-1.0942057007874793,-1.6708368178596413,-0.70678276365629422,1.0667744381527966,2.8403316399618803,0.15977663616140214,-0.99537631767932955,-1.5889219713483358,-0.86333296387999181,1.0773045756608788,2.961092112816293
transferred_site,site-5-transport_test-0093,site-5,2.7757081439228699,-0.58934311094445335,-1.4999620541250909,1.4033598495593282,3.3767365223030441,5.3501131950467542,0.32118032773279898,-0.46440074635020956,-1.358864859702791,0.90159601843464054,3.4041042884136741,5.7635132756075178
transferred_site,site-5-transport_test-0094,site-5,-0.077298510249711239,-1.1773724575643052,-1.6576172605790667,-0.61721777451667048,0.92305903273662571,2.4633358399899188,0.15112551760883056,-1.0316181482897588,-1.5254076985756011,-0.79387229392243097,0.93750550360813945,2.5930605423012736
transferred_site,site-5-transport_test-0095,site-5,1.6049480295309488,-1.3563956678603251,-2.1243591601458998,1.1552443792014446,3.0412778134800789,4.9273112477586745,0.12249842232710588,-1.1625876481059945,-1.8989868594616011,0.91365800063327418,3.0462530461735811,5.1523665755412207
transferred_site,site-5-transport_test-0096,site-5,1.1021923226683481,1.3965627604629338,-1.7921043324626296,-1.0260271826870027,0.20332515071767554,1.4326774841223511,0.8728063965377526,1.1397578298157538,-1.4919173200294125,-1.2191936983915788,0.20551982510685041,1.6202320401545294
transferred_site,site-5-transport_test-0097,site-5,3.8401479657968181,0.61916500035512867,-1.3211460649399627,1.3798124525056252,3.2107553440427483,5.0416982355798696,0.70668350040405525,0.54372169739388176,-1.2470967042965382,1.1366049392702058,3.2043935399660235,5.3073741789812257
transferred_site,site-5-transport_test-0098,site-5,1.283032602796558,0.1007394583137268,-1.245485597225841,-0.98077802718665885,1.1534315651623652,3.2876411575113837,0.53725502005838388,0.093520631590191403,-1.2250736096626091,-1.16348847985115,1.1565716293942683,3.459454171245083
transferred_site,site-5-transport_test-0099,site-5,2.7721131423042511,1.0879287933537634,-1.8892992910204682,-0.86461428171893573,1.354713160070705,3.5740406018603448,0.84093594128917559,0.99831194443571047,-1.8026752120833718,-1.0249765894907983,1.3486836539091565,3.7548518219682405
