row_id,site,split,x,y
site-1-reference_train-0000,site-1,reference_train,-1.8350293311613068,-1.2782509364027992
site-1-reference_train-0001,site-1,reference_train,-1.2993562286552769,-2.4557085520818656
site-1-reference_train-0002,site-1,reference_train,-1.0291304061891773,-0.63685705025997297
site-1-reference_train-0003,site-1,reference_train,-0.13183097535513699,-1.5764270379807899
site-1-reference_train-0004,site-1,reference_train,1.8565077026709984,1.3641338124850844
site-1-reference_train-0005,site-1,reference_train,-1.3045279110099859,-0.84726318682948387
site-1-reference_train-0006,site-1,reference_train,1.1968562844865938,1.1493459648084827
site-1-reference_train-0007,site-1,reference_train,-0.81136508965313281,-0.35633137852632552
site-1-reference_train-0008,site-1,reference_train,1.3075270792068765,1.5070364643030987
site-1-reference_train-0009,site-1,reference_train,1.5338503278548865,1.1347963989682652
site-1-reference_train-0010,site-1,reference_train,0.61926631853199465,0.19276130475018227
site-1-reference_train-0011,site-1,reference_train,1.8977573392634395,1.5845396502975417
site-1-reference_train-0012,site-1,reference_train,-0.41911871662212929,0.35164082572554944
site-1-reference_train-0013,site-1,reference_train,-0.78893024759904939,-1.1737394508894665
site-1-reference_train-0014,site-1,reference_train,1.6615632505837743,1.613758358607964
site-1-reference_train-0015,site-1,reference_train,-0.32468245526227291,0.14220442146610013
site-1-reference_train-0016,site-1,reference_train,1.6820970911668711,2.727667178600202
site-1-reference_train-0017,site-1,reference_train,-1.5517694115735505,-0.93977269986301004
site-1-reference_train-0018,site-1,reference_train,-1.022042896920929,-1.5169041236938006
site-1-reference_train-0019,site-1,reference_train,-0.59615777171314965,-1.7182850879114007
site-1-reference_train-0020,site-1,reference_train,0.070884224763834602,-0.95515228085635662
site-1-reference_train-0021,site-1,reference_train,1.4643098016407325,0.54255370657483459
site-1-reference_train-0022,site-1,reference_train,-1.9267637532357056,-1.3347758124949602
site-1-reference_train-0023,site-1,reference_train,-0.95175731162875898,-1.6457140034991458
site-1-reference_train-0024,site-1,reference_train,0.59422278481822266,0.04044286504122041
site-1-reference_train-0025,site-1,reference_train,-1.3392739207640765,-1.0497558506603415
site-1-reference_train-0026,site-1,reference_train,1.312217959008354,-0.85187186000374782
site-1-reference_train-0027,site-1,reference_train,-1.7141641649803887,-1.7960066596759141
site-1-reference_train-0028,site-1,reference_train,0.019055890729724023,0.53314937243565919
site-1-reference_train-0029,site-1,reference_train,-1.4070465964839576,-1.0840792912071124
site-1-reference_train-0030,site-1,reference_train,1.1626585874624902,1.4287903891446814
site-1-reference_train-0031,site-1,reference_train,1.5548340645444454,2.0155456217148222
site-1-reference_train-0032,site-1,reference_train,-1.4578436071235079,-1.9233209365476136
site-1-reference_train-0033,site-1,reference_train,-1.8346891919538715,-1.6141553218792295
site-1-reference_train-0034,site-1,reference_train,-0.59997063158979413,-0.8269157705542991
site-1-reference_train-0035,site-1,reference_train,0.10681976000536109,0.09808001196045954
site-1-reference_train-0036,site-1,reference_train,-1.7626501913023196,-2.1997050023295328
site-1-reference_train-0037,site-1,reference_train,-1.3660296503373068,0.077689306843936379
site-1-reference_train-0038,site-1,reference_train,0.35847499897223889,0.90152909360124067
site-1-reference_train-0039,site-1,reference_train,1.8052945598908003,2.2036841728371144
site-1-reference_train-0040,site-1,reference_train,1.0834052359269979,0.88987436770451189
site-1-reference_train-0041,site-1,reference_train,-1.9622033266962506,-1.181070818109005
site-1-reference_train-0042,site-1,reference_train,1.1182489713819765,0.38336297254288981
site-1-reference_train-0043,site-1,reference_train,-0.97247795058302433,0.27712672148837858
site-1-reference_train-0044,site-1,reference_train,-1.3057347004441304,-1.6147909445114474
site-1-reference_train-0045,site-1,reference_train,-1.5065447503229619,-2.1730796890537691
site-1-reference_train-0046,site-1,reference_train,1.9686672438829724,0.32404831410569157
site-1-reference_train-0047,site-1,reference_train,-0.82683301757465832,-0.58955202936601825
site-1-reference_train-0048,site-1,reference_train,1.0539185133249975,0.14966896178010064
site-1-reference_train-0049,site-1,reference_train,-0.37955501745029574,-0.89963018410333029
site-1-observed_site_test-0050,site-1,observed_site_test,1.1261891299832429,-0.66692204023347967
site-1-observed_site_test-0051,site-1,observed_site_test,0.35923895131250738,0.067246706189839106
site-1-observed_site_test-0052,site-1,observed_site_test,1.2853252373270783,0.5200546887325237
site-1-observed_site_test-0053,site-1,observed_site_test,-1.5959840506599061,-1.5906073005654895
site-1-observed_site_test-0054,site-1,observed_site_test,0.17378546839816122,-0.41059090292582623
site-1-observed_site_test-0055,site-1,observed_site_test,0.19659130053705587,0.064845369858456597
site-1-observed_site_test-0056,site-1,observed_site_test,1.1645550133931173,-0.20288975933550302
site-1-observed_site_test-0057,site-1,observed_site_test,0.9179286064829788,1.1958071659092333
site-1-observed_site_test-0058,site-1,observed_site_test,1.8888069227425461,0.68550430894889403
site-1-observed_site_test-0059,site-1,observed_site_test,0.62653313207112049,0.77915339052858645
site-1-observed_site_test-0060,site-1,observed_site_test,0.94338185261136687,-0.018326785206136509
site-1-observed_site_test-0061,site-1,observed_site_test,0.41556782670010861,-0.23226185471047039
site-1-observed_site_test-0062,site-1,observed_site_test,-0.23738775551203162,-1.046489098189854
site-1-observed_site_test-0063,site-1,observed_site_test,-0.72135945291411874,-0.65756633150620047
site-1-observed_site_test-0064,site-1,observed_site_test,1.2060926512943499,0.99711093410040175
site-1-observed_site_test-0065,site-1,observed_site_test,-0.85305022392497865,-0.47617101414858354
site-1-observed_site_test-0066,site-1,observed_site_test,-0.68876810122585308,-2.1634480470523467
site-1-observed_site_test-0067,site-1,observed_site_test,0.37265615581186973,-0.35722947735900784
site-1-observed_site_test-0068,site-1,observed_site_test,-1.2036749477267912,-2.3829911668388952
site-1-observed_site_test-0069,site-1,observed_site_test,1.0794813562347154,0.43632779394299825
site-1-observed_site_test-0070,site-1,observed_site_test,-0.37301346807459002,-0.063115002841290013
site-1-observed_site_test-0071,site-1,observed_site_test,-1.3407388192471852,-2.1538058790912618
site-1-observed_site_test-0072,site-1,observed_site_test,-1.9788490673488881,-2.6962399085400408
site-1-observed_site_test-0073,site-1,observed_site_test,0.12460108086462496,0.54010502412714412
site-1-observed_site_test-0074,site-1,observed_site_test,-0.93791177444641072,-1.4822814237150594
site-1-observed_site_test-0075,site-1,observed_site_test,-0.33915217471963155,-0.43903856966319205
site-1-observed_site_test-0076,site-1,observed_site_test,-1.3368724938556493,0.18630349762689691
site-1-observed_site_test-0077,site-1,observed_site_test,-1.0006490346200905,-0.25367646911909525
site-1-observed_site_test-0078,site-1,observed_site_test,1.3664669150949438,0.69102445850663385
site-1-observed_site_test-0079,site-1,observed_site_test,-0.36822026822176079,0.35759512036155799
site-2-reference_train-0000,site-2,reference_train,0.29353687981301757,-1.2284474796180829
site-2-reference_train-0001,site-2,reference_train,-1.4821533612860422,-1.2789899031590646
site-2-reference_train-0002,site-2,reference_train,1.0304764813314056,0.75395762063671856
site-2-reference_train-0003,site-2,reference_train,-1.720537102036944,-1.5001809591394704
site-2-reference_train-0004,site-2,reference_train,0.33168636852840638,-0.53051541137631419
site-2-reference_train-0005,site-2,reference_train,0.50207484343402475,1.4546052169001467
site-2-reference_train-0006,site-2,reference_train,-1.2560264237252374,-1.8678789545263279
site-2-reference_train-0007,site-2,reference_train,-1.3195329466308046,0.38855269864844244
site-2-reference_train-0008,site-2,reference_train,-0.15930898774886204,1.1764426396705652
site-2-reference_train-0009,site-2,reference_train,-0.9424147802701186,-0.73891753971543661
site-2-reference_train-0010,site-2,reference_train,0.59718255759408656,0.37527942656435576
site-2-reference_train-0011,site-2,reference_train,-0.31366540758207062,0.67068848854649965
site-2-reference_train-0012,site-2,reference_train,1.6633151187104911,2.0615219694643008
site-2-reference_train-0013,site-2,reference_train,0.8665858327137852,0.038169773027769249
site-2-reference_train-0014,site-2,reference_train,1.1429267844695792,0.7626117221235168
site-2-reference_train-0015,site-2,reference_train,1.0921389845558016,0.18799692058439943
site-2-reference_train-0016,site-2,reference_train,0.61709810241574337,1.9532302378983946
site-2-reference_train-0017,site-2,reference_train,1.0247920106085848,0.45542463068264072
site-2-reference_train-0018,site-2,reference_train,1.2030192908570867,0.29665016565960456
site-2-reference_train-0019,site-2,reference_train,-1.1598923966281243,-0.40120442046246668
site-2-reference_train-0020,site-2,reference_train,0.7038427739605253,1.4475090840843263
site-2-reference_train-0021,site-2,reference_train,-1.5624598445241347,-0.41309754819008393
site-2-reference_train-0022,site-2,reference_train,-0.2914585139811372,0.21318682996100555
site-2-reference_train-0023,site-2,reference_train,-1.9803937725722864,-2.3303304926684083
site-2-reference_train-0024,site-2,reference_train,-1.9100913087864471,-1.9850048984304371
site-2-reference_train-0025,site-2,reference_train,0.78259734138196801,0.757959497496975
site-2-reference_train-0026,site-2,reference_train,0.34299317677102792,0.95656222823695547
site-2-reference_train-0027,site-2,reference_train,-1.6566337888433464,-0.13357700044002074
site-2-reference_train-0028,site-2,reference_train,-0.36352392804780909,-0.45571891260567721
site-2-reference_train-0029,site-2,reference_train,-0.76427588023544546,-0.19062273389433834
site-2-reference_train-0030,site-2,reference_train,-0.64189985956759843,0.32664766504268766
site-2-reference_train-0031,site-2,reference_train,-1.1551326541759463,0.54741981067201495
site-2-reference_train-0032,site-2,reference_train,-1.3857587184247175,-0.42086665420282654
site-2-reference_train-0033,site-2,reference_train,0.051448536495574793,-0.95689234175900406
site-2-reference_train-0034,site-2,reference_train,-0.26949692912341305,0.12471439669098477
site-2-reference_train-0035,site-2,reference_train,-1.8237827687818071,-0.65501493570010727
site-2-reference_train-0036,site-2,reference_train,0.46129542661509859,0.6659968948062418
site-2-reference_train-0037,site-2,reference_train,-0.70059011644032099,-0.2199124285892117
site-2-reference_train-0038,site-2,reference_train,-1.3444905966211107,0.14150292133205888
site-2-reference_train-0039,site-2,reference_train,-1.7923631008043315,-1.8795515443140229
site-2-reference_train-0040,site-2,reference_train,-0.16879447377092216,0.24805557993458432
site-2-reference_train-0041,site-2,reference_train,-0.7994205856627814,-0.23616392260050784
site-2-reference_train-0042,site-2,reference_train,-1.9186616183704297,-1.1725718522869382
site-2-reference_train-0043,site-2,reference_train,-1.8958980625664248,-1.8798105299090953
site-2-reference_train-0044,site-2,reference_train,-1.1997147298432154,0.23892620637640183
site-2-reference_train-0045,site-2,reference_train,1.0104943934818817,0.12177943873330099
site-2-reference_train-0046,site-2,reference_train,0.53334940661805019,1.0700858681343444
site-2-reference_train-0047,site-2,reference_train,0.1118495708585745,0.15055335021549762
site-2-reference_train-0048,site-2,reference_train,-1.7954066457147619,-1.2910465201695751
site-2-reference_train-0049,site-2,reference_train,-1.7969683176362925,-2.5393805304140358
site-2-observed_site_test-0050,site-2,observed_site_test,1.8161386323739781,2.0557659371338755
site-2-observed_site_test-0051,site-2,observed_site_test,-1.2332931471412127,-0.84557371420669347
site-2-observed_site_test-0052,site-2,observed_site_test,-1.8298994604703385,0.021256463505638479
site-2-observed_site_test-0053,site-2,observed_site_test,1.368474128966668,1.5725437958950259
site-2-observed_site_test-0054,site-2,observed_site_test,-1.77361224405694,-1.5974033368369847
site-2-observed_site_test-0055,site-2,observed_site_test,-0.78904484024412236,-0.8868907199030962
site-2-observed_site_test-0056,site-2,observed_site_test,0.40425379133729766,1.1220170719906855
site-2-observed_site_test-0057,site-2,observed_site_test,-0.29690337525095556,-0.03659062463077481
site-2-observed_site_test-0058,site-2,observed_site_test,-0.29172128545020515,0.74598976584827237
site-2-observed_site_test-0059,site-2,observed_site_test,0.64133329138080786,-0.41356185175524196
site-2-observed_site_test-0060,site-2,observed_site_test,0.0045031092213974055,0.60687559887491727
site-2-observed_site_test-0061,site-2,observed_site_test,1.6696548638423994,1.7489864137345605
site-2-observed_site_test-0062,site-2,observed_site_test,-0.33422845840132531,-0.44949639651990903
site-2-observed_site_test-0063,site-2,observed_site_test,0.98336492459027536,1.2146577505713592
site-2-observed_site_test-0064,site-2,observed_site_test,1.8187622401971697,0.9647592542645923
site-2-observed_site_test-0065,site-2,observed_site_test,0.25265352013529707,0.48815508489337173
site-2-observed_site_test-0066,site-2,observed_site_test,0.22233874305176204,-0.14118782337625918
site-2-observed_site_test-0067,site-2,observed_site_test,1.1604067739167858,1.7484205487991198
site-2-observed_site_test-0068,site-2,observed_site_test,-0.14895237315299026,-0.060472007973864095
site-2-observed_site_test-0069,site-2,observed_site_test,-1.8624336974678042,-1.2322208407701478
site-2-observed_site_test-0070,site-2,observed_site_test,-0.44254552868337704,0.50577088693865124
site-2-observed_site_test-0071,site-2,observed_site_test,1.8471649161645849,0.59714606930724479
site-2-observed_site_test-0072,site-2,observed_site_test,-1.5889563342991782,0.15012536727710013
site-2-observed_site_test-0073,site-2,observed_site_test,-1.9631096519876094,-0.091345845730463227
site-2-observed_site_test-0074,site-2,observed_site_test,0.17648165886098166,0.49423260197050101
site-2-observed_site_test-0075,site-2,observed_site_test,-1.3323468157043852,-0.32221793540936644
site-2-observed_site_test-0076,site-2,observed_site_test,-1.4728941420216866,-1.7160729959313041
site-2-observed_site_test-0077,site-2,observed_site_test,-0.068404069441401649,-0.20045623761431891
site-2-observed_site_test-0078,site-2,observed_site_test,1.4564867143020779,0.69091972808909385
site-2-observed_site_test-0079,site-2,observed_site_test,-1.041001780833446,-0.24704718650133783
site-3-reference_train-0000,site-3,reference_train,0.7303639677484397,-0.17608475733356066
site-3-reference_train-0001,site-3,reference_train,1.9210298231659957,2.8652049427542545
site-3-reference_train-0002,site-3,reference_train,0.9866247449073513,2.9260635955347674
site-3-reference_train-0003,site-3,reference_train,-0.45756759628964616,1.4257093325517227
site-3-reference_train-0004,site-3,reference_train,-1.34406103468825,-0.56566755544706748
site-3-reference_train-0005,site-3,reference_train,-0.77534831964767292,0.047212935172712092
site-3-reference_train-0006,site-3,reference_train,-0.033591045450693358,1.2262058197927703
site-3-reference_train-0007,site-3,reference_train,-1.195156021323073,-0.29402677757073081
site-3-reference_train-0008,site-3,reference_train,0.54552414026720664,0.82078765355618466
site-3-reference_train-0009,site-3,reference_train,1.8832104200612103,1.2457304125507644
site-3-reference_train-0010,site-3,reference_train,0.18703112283588208,0.350463705729258
site-3-reference_train-0011,site-3,reference_train,0.73183572187386048,2.5548323851309345
site-3-reference_train-0012,site-3,reference_train,-0.421627460822946,1.5016127253861069
site-3-reference_train-0013,site-3,reference_train,0.72405026426816388,2.0119033918223996
site-3-reference_train-0014,site-3,reference_train,1.3836956527869719,0.75817092073390691
site-3-reference_train-0015,site-3,reference_train,0.9147472800039198,2.7785673509200923
site-3-reference_train-0016,site-3,reference_train,-1.6029655339444657,0.28325299792268499
site-3-reference_train-0017,site-3,reference_train,0.58091550544867054,-0.070073477178639543
site-3-reference_train-0018,site-3,reference_train,1.2538440090806739,2.5457619629270036
site-3-reference_train-0019,site-3,reference_train,1.1192759490513633,0.19942986165375576
site-3-reference_train-0020,site-3,reference_train,1.4666215655401813,0.21571880226977647
site-3-reference_train-0021,site-3,reference_train,-1.1558316522517731,0.56242072957880707
site-3-reference_train-0022,site-3,reference_train,1.5869678013481283,0.95223231418385645
site-3-reference_train-0023,site-3,reference_train,1.8726513926893711,2.5567984302304776
site-3-reference_train-0024,site-3,reference_train,0.92796623777499088,1.2288029782478513
site-3-reference_train-0025,site-3,reference_train,1.6650597497132429,2.0944726621587639
site-3-reference_train-0026,site-3,reference_train,-1.1424673561415193,-0.22120160013860329
site-3-reference_train-0027,site-3,reference_train,-0.6253652415894897,-0.96455868554083857
site-3-reference_train-0028,site-3,reference_train,0.58511154414800215,1.6247907350202717
site-3-reference_train-0029,site-3,reference_train,0.52780140262151365,2.1398562346138168
site-3-reference_train-0030,site-3,reference_train,1.9001717433776406,1.5297422955941431
site-3-reference_train-0031,site-3,reference_train,-0.044021310872328634,0.22949103524239944
site-3-reference_train-0032,site-3,reference_train,-0.86238178986911684,0.64496554406258788
site-3-reference_train-0033,site-3,reference_train,-1.4865138840129646,0.048198357078879372
site-3-reference_train-0034,site-3,reference_train,-1.8231637269283882,-0.72470026423159051
site-3-reference_train-0035,site-3,reference_train,1.7724054159187692,2.9226391602117001
site-3-reference_train-0036,site-3,reference_train,1.6642916607104716,1.5212490215441403
site-3-reference_train-0037,site-3,reference_train,0.86199089988023259,1.2221346195299709
site-3-reference_train-0038,site-3,reference_train,-0.052077462602354352,-0.94083366588786554
site-3-reference_train-0039,site-3,reference_train,1.9566192139270449,1.9167222680664637
site-3-reference_train-0040,site-3,reference_train,1.2787385541212308,0.63019215719563504
site-3-reference_train-0041,site-3,reference_train,-1.1853281047202038,0.087654372639029421
site-3-reference_train-0042,site-3,reference_train,-1.0382796024036938,0.14825925900116785
site-3-reference_train-0043,site-3,reference_train,1.5110281168591353,2.3519959295273267
site-3-reference_train-0044,site-3,reference_train,-0.017480376337020154,0.83627945501380641
site-3-reference_train-0045,site-3,reference_train,0.50366093467490058,-0.13793690813156201
site-3-reference_train-0046,site-3,reference_train,1.091660688029608,0.46471000529002904
site-3-reference_train-0047,site-3,reference_train,-0.14827449790949032,1.6354328838206964
site-3-reference_train-0048,site-3,reference_train,-1.6091160105234623,-0.040568389830991647
site-3-reference_train-0049,site-3,reference_train,0.82966847603087812,2.5070460708801079
site-3-observed_site_test-0050,site-3,observed_site_test,-1.5974466788275454,-1.4425777352294498
site-3-observed_site_test-0051,site-3,observed_site_test,1.2581702633056127,2.3477055906074931
site-3-observed_site_test-0052,site-3,observed_site_test,-1.3494588623820163,-0.6361972483701257
site-3-observed_site_test-0053,site-3,observed_site_test,-0.036228445767489514,-0.47364012971082625
site-3-observed_site_test-0054,site-3,observed_site_test,1.8230151460365409,1.7573918584704507
site-3-observed_site_test-0055,site-3,observed_site_test,-0.36994248820921927,-0.43543523711560334
site-3-observed_site_test-0056,site-3,observed_site_test,1.3343127134544708,0.69821091529229773
site-3-observed_site_test-0057,site-3,observed_site_test,0.69037100203656188,0.28358690436916234
site-3-observed_site_test-0058,site-3,observed_site_test,1.0280757866432513,2.1260159175218778
site-3-observed_site_test-0059,site-3,observed_site_test,-0.21087304341163371,1.4131518321080589
site-3-observed_site_test-0060,site-3,observed_site_test,0.68857043910365423,2.0062608411059539
site-3-observed_site_test-0061,site-3,observed_site_test,-1.7851316938439652,-0.37954159716506891
site-3-observed_site_test-0062,site-3,observed_site_test,-0.69078724544596692,-0.4762940135155761
site-3-observed_site_test-0063,site-3,observed_site_test,-0.93897085726993579,-0.03147754308995325
site-3-observed_site_test-0064,site-3,observed_site_test,-0.44246288204277384,0.16519726366590542
site-3-observed_site_test-0065,site-3,observed_site_test,-1.3773979166200436,-0.82924601391419217
site-3-observed_site_test-0066,site-3,observed_site_test,-0.25539141534879439,1.451032219941329
site-3-observed_site_test-0067,site-3,observed_site_test,-1.8409371832318921,-1.2343042298924498
site-3-observed_site_test-0068,site-3,observed_site_test,0.23107154802319485,1.0524764038075682
site-3-observed_site_test-0069,site-3,observed_site_test,1.7455268730463311,2.3937698204070648
site-3-observed_site_test-0070,site-3,observed_site_test,1.9659754386955774,1.5027009907142421
site-3-observed_site_test-0071,site-3,observed_site_test,0.39963053728353248,1.7566690917941226
site-3-observed_site_test-0072,site-3,observed_site_test,-0.016603576707208578,0.70182208142175473
site-3-observed_site_test-0073,site-3,observed_site_test,-0.64495800973606743,-0.42839453950549899
site-3-observed_site_test-0074,site-3,observed_site_test,0.5180762249702946,0.73131198935026775
site-3-observed_site_test-0075,site-3,observed_site_test,-0.075697384032423543,1.2883433595454465
site-3-observed_site_test-0076,site-3,observed_site_test,-1.0739345791312993,-1.1315395088097193
site-3-observed_site_test-0077,site-3,observed_site_test,-1.2396374228030629,0.44684661784759172
site-3-observed_site_test-0078,site-3,observed_site_test,0.97665002325187134,1.4366628907669043
site-3-observed_site_test-0079,site-3,observed_site_test,1.0573184231476249,-0.15396354449918292
site-4-reference_train-0000,site-4,reference_train,-0.15702886036971231,1.7146321607806194
site-4-reference_train-0001,site-4,reference_train,-1.0736246667997023,-0.19296299866682076
site-4-reference_train-0002,site-4,reference_train,-0.56968473987242252,-0.19467709400248834
site-4-reference_train-0003,site-4,reference_train,1.9213986827077485,4.0359544640889693
site-4-reference_train-0004,site-4,reference_train,0.4310587378880264,1.0678186673860361
site-4-reference_train-0005,site-4,reference_train,0.99034800379212928,3.0072646906136011
site-4-reference_train-0006,site-4,reference_train,-0.51746922350274538,2.1471017768781939
site-4-reference_train-0007,site-4,reference_train,1.7159874434671871,2.4899718761219543
site-4-reference_train-0008,site-4,reference_train,-0.60719349061993189,0.70606768200376679
site-4-reference_train-0009,site-4,reference_train,1.5972781785475711,1.8626940664721365
site-4-reference_train-0010,site-4,reference_train,-0.70253311785090267,0.33738718941216556
site-4-reference_train-0011,site-4,reference_train,1.4329647707542357,1.5306022516909967
site-4-reference_train-0012,site-4,reference_train,-0.23078339329080277,-0.2400807039845454
site-4-reference_train-0013,site-4,reference_train,-0.21722180689174975,1.2017164298594052
site-4-reference_train-0014,site-4,reference_train,1.4865391418303768,3.7189907791704022
site-4-reference_train-0015,site-4,reference_train,-1.2484406470912099,-1.3443774666317636
site-4-reference_train-0016,site-4,reference_train,1.1151545886830307,-0.071865421707817401
site-4-reference_train-0017,site-4,reference_train,1.8296291589518039,2.5612440606984976
site-4-reference_train-0018,site-4,reference_train,-0.80872432473301936,1.3190024679601628
site-4-reference_train-0019,site-4,reference_train,1.5247443888783474,2.3190294222617522
site-4-reference_train-0020,site-4,reference_train,1.91226352181884,2.3134344635209332
site-4-reference_train-0021,site-4,reference_train,-1.2580237220857629,1.1061317164672668
site-4-reference_train-0022,site-4,reference_train,1.2665678599622607,-0.38683081861354962
site-4-reference_train-0023,site-4,reference_train,0.419748472216674,-2.3883771742762185
site-4-reference_train-0024,site-4,reference_train,-0.76913721004471602,1.1953362186798788
site-4-reference_train-0025,site-4,reference_train,-1.591304790836408,0.13394433819825813
site-4-reference_train-0026,site-4,reference_train,1.1361677049049868,2.9717959458585774
site-4-reference_train-0027,site-4,reference_train,0.85168879779627282,1.7365448596326361
site-4-reference_train-0028,site-4,reference_train,1.4766795241620887,1.6135427119369488
site-4-reference_train-0029,site-4,reference_train,1.8613386955950064,2.5555780255370029
site-4-reference_train-0030,site-4,reference_train,-0.52180033999831288,1.2247337688884898
site-4-reference_train-0031,site-4,reference_train,-1.4257438132349769,0.31963578711679258
site-4-reference_train-0032,site-4,reference_train,0.22245614270282976,1.0695748278289845
site-4-reference_train-0033,site-4,reference_train,1.7593342699866517,3.4290483585605385
site-4-reference_train-0034,site-4,reference_train,0.17729632948871643,0.99006002032498341
site-4-reference_train-0035,site-4,reference_train,0.37854617643799671,1.2700752806198738
site-4-reference_train-0036,site-4,reference_train,0.24347368165904149,3.3986717560538202
site-4-reference_train-0037,site-4,reference_train,1.7803417618643689,2.4712476667613354
site-4-reference_train-0038,site-4,reference_train,-1.4171391847528976,0.68693433467128739
site-4-reference_train-0039,site-4,reference_train,1.114467780650787,0.94474584818732121
site-4-reference_train-0040,site-4,reference_train,-0.082919505730872256,1.4022173779817093
site-4-reference_train-0041,site-4,reference_train,-0.58535415208250363,1.3304061688636923
site-4-reference_train-0042,site-4,reference_train,-0.71618282306067016,0.25245854796890355
site-4-reference_train-0043,site-4,reference_train,1.172635260387239,3.8845396000890573
site-4-reference_train-0044,site-4,reference_train,-1.5409252528996458,0.67484354760337528
site-4-reference_train-0045,site-4,reference_train,0.1315718394085712,1.2880286830607417
site-4-reference_train-0046,site-4,reference_train,1.026937952946136,0.095080364490352398
site-4-reference_train-0047,site-4,reference_train,1.3979173666288753,2.9841694629736271
site-4-reference_train-0048,site-4,reference_train,1.5338231499003148,2.187246249728763
site-4-reference_train-0049,site-4,reference_train,-1.2167968010344712,1.9383838639489068
site-4-observed_site_test-0050,site-4,observed_site_test,0.71828325327994413,0.095716483150627418
site-4-observed_site_test-0051,site-4,observed_site_test,-0.73700126408206668,1.3090360688287537
site-4-observed_site_test-0052,site-4,observed_site_test,-1.5548929569747219,0.56013888750862506
site-4-observed_site_test-0053,site-4,observed_site_test,0.38534069614139854,1.2475102966994667
site-4-observed_site_test-0054,site-4,observed_site_test,1.435918235876414,2.1015486402534012
site-4-observed_site_test-0055,site-4,observed_site_test,0.49554315837282914,1.7134142212309558
site-4-observed_site_test-0056,site-4,observed_site_test,1.9881539396817338,4.1614243371076558
site-4-observed_site_test-0057,site-4,observed_site_test,1.5588037090911624,3.0682054734372839
site-4-observed_site_test-0058,site-4,observed_site_test,0.4434321417148186,1.0094679203046022
site-4-observed_site_test-0059,site-4,observed_site_test,-0.10153872928762775,2.2114823031452646
site-4-observed_site_test-0060,site-4,observed_site_test,0.56084235370615199,0.11362590179146848
site-4-observed_site_test-0061,site-4,observed_site_test,-0.60002710687086669,-0.238805211335956
site-4-observed_site_test-0062,site-4,observed_site_test,0.11503743148201684,1.3075526317962147
site-4-observed_site_test-0063,site-4,observed_site_test,-1.0132147089757253,-0.88454815863309455
site-4-observed_site_test-0064,site-4,observed_site_test,1.9837322362855234,2.6168611372279895
site-4-observed_site_test-0065,site-4,observed_site_test,-0.77850981419014786,1.7028247106940864
site-4-observed_site_test-0066,site-4,observed_site_test,0.0077249473699341209,1.3462382675508859
site-4-observed_site_test-0067,site-4,observed_site_test,-0.64530794536419345,-0.57220355998326766
site-4-observed_site_test-0068,site-4,observed_site_test,-0.01285193786321992,0.48929508755173856
site-4-observed_site_test-0069,site-4,observed_site_test,-1.5840242587849707,-0.95061307908437176
site-4-observed_site_test-0070,site-4,observed_site_test,-0.56919108749864078,0.82939852683318827
site-4-observed_site_test-0071,site-4,observed_site_test,1.0061071761965099,2.6654986293113008
site-4-observed_site_test-0072,site-4,observed_site_test,1.3888829243068668,2.3994655000103986
site-4-observed_site_test-0073,site-4,observed_site_test,0.83621941559487389,2.5539634540357969
site-4-observed_site_test-0074,site-4,observed_site_test,0.21477188548319459,1.946344076998032
site-4-observed_site_test-0075,site-4,observed_site_test,-1.3537252051929611,1.2074493822807117
site-4-observed_site_test-0076,site-4,observed_site_test,1.9108985744949059,2.5078368434161753
site-4-observed_site_test-0077,site-4,observed_site_test,-1.8317336034261675,-0.98922950833218293
site-4-observed_site_test-0078,site-4,observed_site_test,1.3834154025979775,1.7942198387827437
site-4-observed_site_test-0079,site-4,observed_site_test,-1.2114352486770232,0.61262947150272429
site-5-adapt-0000,site-5,adapt,1.7660017250931097,1.5545612858320368
site-5-adapt-0001,site-5,adapt,-0.79915844948779435,4.0641503400972496
site-5-adapt-0002,site-5,adapt,1.3719354776621921,3.8151447112331685
site-5-adapt-0003,site-5,adapt,-0.52773465773481787,-1.3822903437870089
site-5-adapt-0004,site-5,adapt,0.4814057898191817,2.3017481884523812
site-5-adapt-0005,site-5,adapt,-1.6094240664135269,0.29184328024938194
site-5-adapt-0006,site-5,adapt,0.42030911530835668,0.54708357573553035
site-5-adapt-0007,site-5,adapt,1.429912512011891,3.2470507873300507
site-5-adapt-0008,site-5,adapt,0.63008024336864077,2.1035085244249845
site-5-adapt-0009,site-5,adapt,-1.4681868655323824,1.9302019446912477
site-5-adapt-0010,site-5,adapt,-1.3674921808878024,1.5510941442215287
site-5-adapt-0011,site-5,adapt,0.3351441998208351,2.865865675671837
site-5-adapt-0012,site-5,adapt,-1.6620352784822519,0.82629913909686492
site-5-adapt-0013,site-5,adapt,-1.2720805064269136,0.42825692459750264
site-5-adapt-0014,site-5,adapt,1.5976281204290648,3.6276391245523372
site-5-adapt-0015,site-5,adapt,0.30450946452037542,0.47819880832494066
site-5-adapt-0016,site-5,adapt,0.44300247116767721,1.0576383065844381
site-5-adapt-0017,site-5,adapt,-0.93564475253869395,1.2076391229718089
site-5-adapt-0018,site-5,adapt,-1.2090198180874063,0.06541054461785567
site-5-adapt-0019,site-5,adapt,0.74124471791145474,1.7823638672735647
site-5-adapt-0020,site-5,adapt,0.89411504563585797,2.857694040436034
site-5-adapt-0021,site-5,adapt,-1.9042886875593377,-0.36903609922949188
site-5-adapt-0022,site-5,adapt,0.3507554549327172,3.5273083236801335
site-5-adapt-0023,site-5,adapt,-1.8747559078333125,-0.38858653147400518
site-5-adapt-0024,site-5,adapt,1.9722102025068744,4.279439924114687
site-5-transport_test-0025,site-5,transport_test,-1.7903463114579141,1.2109261277885812
site-5-transport_test-0026,site-5,transport_test,-0.4614061921618049,1.5665782039669114
site-5-transport_test-0027,site-5,transport_test,-0.80075579837707833,0.95966793497328551
site-5-transport_test-0028,site-5,transport_test,1.1537521944646176,1.6621845894322798
site-5-transport_test-0029,site-5,transport_test,-0.38451903752985617,1.4937599237488604
site-5-transport_test-0030,site-5,transport_test,0.34593487720065541,3.0115317037125173
site-5-transport_test-0031,site-5,transport_test,1.1007150279987163,1.4901322037760094
site-5-transport_test-0032,site-5,transport_test,-1.2385496394044631,3.0301215967027746
site-5-transport_test-0033,site-5,transport_test,0.68957239697850259,4.2464125415764249
site-5-transport_test-0034,site-5,transport_test,-1.816264654218855,0.89468805023027542
site-5-transport_test-0035,site-5,transport_test,1.8558510325387676,4.3883084215481709
site-5-transport_test-0036,site-5,transport_test,-1.5688856248247838,0.35765579652417301
site-5-transport_test-0037,site-5,transport_test,0.53839823540038889,2.6163526886248865
site-5-transport_test-0038,site-5,transport_test,1.8974659200448341,2.1756941897567179
site-5-transport_test-0039,site-5,transport_test,0.64313371881447123,4.4429075636771733
site-5-transport_test-0040,site-5,transport_test,1.3098887162989343,2.6104393464181537
site-5-transport_test-0041,site-5,transport_test,-1.8973228723957947,-0.99861747419992675
site-5-transport_test-0042,site-5,transport_test,0.20176246780123952,3.1940716437668319
site-5-transport_test-0043,site-5,transport_test,-0.98651257464444075,-0.21999337096370986
site-5-transport_test-0044,site-5,transport_test,1.236993296480593,4.0503207704013802
site-5-transport_test-0045,site-5,transport_test,-0.24509517931309954,2.1730838233812984
site-5-transport_test-0046,site-5,transport_test,-0.15432710275090145,1.394092425817814
site-5-transport_test-0047,site-5,transport_test,-1.2349193598839801,1.1334965903214425
site-5-transport_test-0048,site-5,transport_test,-0.93030451502296918,-0.37769559919570306
site-5-transport_test-0049,site-5,transport_test,-1.0883750571029265,0.96806993066166114
site-5-transport_test-0050,site-5,transport_test,0.96277604478643886,4.2081919523251488
site-5-transport_test-0051,site-5,transport_test,0.056724174844863917,3.5244499307502122
site-5-transport_test-0052,site-5,transport_test,-0.36161277764973354,3.4918053998528613
site-5-transport_test-0053,site-5,transport_test,-0.69740234596211348,0.1529969583498807
site-5-transport_test-0054,site-5,transport_test,0.3816915469583031,2.3748270964667553
site-5-transport_test-0055,site-5,transport_test,0.19304569451228026,0.67106776331795093
site-5-transport_test-0056,site-5,transport_test,-1.3374561122054249,0.22286874926873179
site-5-transport_test-0057,site-5,transport_test,1.6876612946871128,3.3023587441918294
site-5-transport_test-0058,site-5,transport_test,-1.9431580174261764,-0.78570371154509744
site-5-transport_test-0059,site-5,transport_test,0.92718262899272386,0.7788862963859271
site-5-transport_test-0060,site-5,transport_test,1.9925610591555478,3.8252455013775779
site-5-transport_test-0061,site-5,transport_test,1.6833623230125152,4.9755551687522761
site-5-transport_test-0062,site-5,transport_test,-0.21955552132802758,1.0239239964318001
site-5-transport_test-0063,site-5,transport_test,0.29989231271355754,3.0909171290860273
site-5-transport_test-0064,site-5,transport_test,-1.5568687688385441,0.76909011006518591
site-5-transport_test-0065,site-5,transport_test,1.085417644107868,1.8649998063014159
site-5-transport_test-0066,site-5,transport_test,-0.22342868319728204,1.0016611072996267
site-5-transport_test-0067,site-5,transport_test,-0.055217573992389024,1.0147210247868372
site-5-transport_test-0068,site-5,transport_test,-1.0492701013436383,1.3125635423875259
site-5-transport_test-0069,site-5,transport_test,-0.14796504574584457,0.69454464284755335
site-5-transport_test-0070,site-5,transport_test,-1.8920002187416287,-1.3061524109993663
site-5-transport_test-0071,site-5,transport_test,-1.1247368185917446,0.1564974490579647
site-5-transport_test-0072,site-5,transport_test,-1.6242070456584554,-0.42822225115857582
site-5-transport_test-0073,site-5,transport_test,1.932388647322933,4.1676400157183595
site-5-transport_test-0074,site-5,transport_test,1.9638363112761068,0.27757925222604429
site-5-transport_test-0075,site-5,transport_test,1.2809872183835069,3.1371964815838256
site-5-transport_test-0076,site-5,transport_test,0.74169637453723603,2.9681755536851386
site-5-transport_test-0077,site-5,transport_test,-0.63893628918848222,1.4794152570215702
site-5-transport_test-0078,site-5,transport_test,-0.1678054411486789,1.377369344379614
site-5-transport_test-0079,site-5,transport_test,1.6791860119021846,1.6170658159146567
site-5-transport_test-0080,site-5,transport_test,1.3817495524733872,5.1917560329523376
site-5-transport_test-0081,site-5,transport_test,-0.54591945275999398,0.90211291877805033
site-5-transport_test-0082,site-5,transport_test,-1.253883783137653,0.32542531743142283
site-5-transport_test-0083,site-5,transport_test,-1.7933867355335273,0.96051630106623398
site-5-transport_test-0084,site-5,transport_test,0.75260594028859584,2.592575582623093
site-5-transport_test-0085,site-5,transport_test,1.893974545430984,2.5457023017713665
site-5-transport_test-0086,site-5,transport_test,0.15828330535963131,2.0696327686223803
site-5-transport_test-0087,site-5,transport_test,-0.037365975543626639,0.86767994392880032
site-5-transport_test-0088,site-5,transport_test,1.5832654873132599,3.649105810978007
site-5-transport_test-0089,site-5,transport_test,0.91911968510920827,3.7547877154202656
site-5-transport_test-0090,site-5,transport_test,1.0593082440740953,2.9411100190255537
site-5-transport_test-0091,site-5,transport_test,-1.2355753804196152,-0.64690646859254664
site-5-transport_test-0092,site-5,transport_test,-1.2561932131259081,-0.042661283688186002
site-5-transport_test-0093,site-5,transport_test,1.9439987119690554,2.7757081439228699
site-5-transport_test-0094,site-5,transport_test,-1.4592621104030639,-0.077298510249711239
site-5-transport_test-0095,site-5,transport_test,1.4835584221758387,1.6049480295309488
site-5-transport_test-0096,site-5,transport_test,-1.7764593194766238,1.1021923226683481
site-5-transport_test-0097,site-5,transport_test,1.6496091475410526,3.8401479657968181
site-5-transport_test-0098,site-5,transport_test,-0.8365238229553067,1.283032602796558
site-5-transport_test-0099,site-5,transport_test,-0.21765362749027339,2.7721131423042511
